Index,JD
0,2444199
1,2444229
2,2444258
3,2444288
4,2444317
5,2444346
6,2444376
7,2444405
8,2444435
9,2444464
10,2444494
11,2444524
12,2444553
13,2444583
14,2444613
15,2444642
16,2444672
17,2444701
18,2444730
19,2444760
20,2444789
21,2444819
22,2444848
23,2444878
24,2444907
25,2444937
26,2444967
27,2444997
28,2445026
29,2445056
30,2445085
31,2445114
32,2445144
33,2445173
34,2445202
35,2445232
36,2445261
37,2445291
38,2445321
39,2445351
40,2445380
41,2445410
42,2445440
43,2445469
44,2445499
45,2445528
46,2445557
47,2445586
48,2445616
49,2445645
50,2445675
51,2445705
52,2445734
53,2445764
54,2445794
55,2445824
56,2445853
57,2445882
58,2445912
59,2445941
60,2445970
61,2446000
62,2446029
63,2446059
64,2446088
65,2446118
66,2446148
67,2446178
68,2446207
69,2446237
70,2446266
71,2446296
72,2446325
73,2446355
74,2446384
75,2446413
76,2446443
77,2446472
78,2446502
79,2446532
80,2446561
81,2446591
82,2446621
83,2446650
84,2446680
85,2446709
86,2446739
87,2446768
88,2446797
89,2446827
90,2446856
91,2446886
92,2446915
93,2446945
94,2446975
95,2447004
96,2447034
97,2447064
98,2447093
99,2447123
100,2447152
101,2447182
102,2447211
103,2447240
104,2447270
105,2447299
106,2447329
107,2447358
108,2447388
109,2447418
110,2447448
111,2447477
112,2447507
113,2447536
114,2447566
115,2447595
116,2447624
117,2447654
118,2447683
119,2447713
120,2447742
121,2447772
122,2447802
123,2447831
124,2447861
125,2447891
126,2447920
127,2447950
128,2447979
129,2448008
130,2448038
131,2448067
132,2448096
133,2448126
134,2448156
135,2448185
136,2448215
137,2448245
138,2448275
139,2448304
140,2448334
141,2448363
142,2448392
143,2448422
144,2448451
145,2448481
146,2448510
147,2448540
148,2448569
149,2448599
150,2448629
151,2448658
152,2448688
153,2448717
154,2448747
155,2448777
156,2448806
157,2448835
158,2448865
159,2448894
160,2448923
161,2448953
162,2448983
163,2449012
164,2449042
165,2449072
166,2449101
167,2449131
168,2449160
169,2449190
170,2449219
171,2449249
172,2449278
173,2449307
174,2449337
175,2449366
176,2449396
177,2449426
178,2449455
179,2449485
180,2449515
181,2449544
182,2449574
183,2449603
184,2449633
185,2449662
186,2449691
187,2449721
188,2449750
189,2449780
190,2449810
191,2449839
192,2449869
193,2449899
194,2449928
195,2449958
196,2449987
197,2450017
198,2450046
199,2450075
200,2450105
201,2450134
202,2450164
203,2450193
204,2450223
205,2450253
206,2450282
207,2450312
208,2450341
209,2450371
210,2450401
211,2450430
212,2450459
213,2450489
214,2450518
215,2450548
216,2450577
217,2450607
218,2450636
219,2450666
220,2450695
221,2450725
222,2450755
223,2450784
224,2450814
225,2450844
226,2450873
227,2450902
228,2450932
229,2450961
230,2450991
231,2451020
232,2451050
233,2451079
234,2451109
235,2451139
236,2451168
237,2451198
238,2451228
239,2451257
240,2451286
241,2451316
242,2451345
243,2451374
244,2451404
245,2451433
246,2451463
247,2451493
248,2451522
249,2451552
250,2451582
251,2451612
252,2451641
253,2451670
254,2451700
255,2451729
256,2451758
257,2451788
258,2451817
259,2451847
260,2451876
261,2451906
262,2451936
263,2451966
264,2451995
265,2452025
266,2452054
267,2452084
268,2452113
269,2452142
270,2452172
271,2452201
272,2452231
273,2452260
274,2452290
275,2452320
276,2452349
277,2452379
278,2452409
279,2452438
280,2452468
281,2452497
282,2452526
283,2452556
284,2452585
285,2452615
286,2452644
287,2452674
288,2452703
289,2452733
290,2452763
291,2452793
292,2452822
293,2452852
294,2452881
295,2452910
296,2452940
297,2452969
298,2452999
299,2453028
300,2453058
301,2453087
302,2453117
303,2453147
304,2453176
305,2453206
306,2453235
307,2453265
308,2453295
309,2453324
310,2453353
311,2453383
312,2453412
313,2453442
314,2453471
315,2453501
316,2453530
317,2453560
318,2453590
319,2453619
320,2453649
321,2453679
322,2453708
323,2453737
324,2453767
325,2453796
326,2453826
327,2453855
328,2453884
329,2453914
330,2453944
331,2453973
332,2454003
333,2454033
334,2454063
335,2454092
336,2454122
337,2454151
338,2454180
339,2454210
340,2454239
341,2454268
342,2454298
343,2454327
344,2454357
345,2454387
346,2454417
347,2454446
348,2454476
349,2454506
350,2454535
351,2454564
352,2454594
353,2454623
354,2454652
355,2454682
356,2454711
357,2454741
358,2454771
359,2454800
360,2454830
361,2454860
362,2454889
363,2454919
364,2454948
365,2454978
366,2455007
367,2455036
368,2455066
369,2455095
370,2455125
371,2455154
372,2455184
373,2455214
374,2455244
375,2455273
376,2455303
377,2455332
378,2455362
379,2455391
380,2455421
381,2455450
382,2455479
383,2455509
384,2455538
385,2455568
386,2455598
387,2455627
388,2455657
389,2455687
390,2455716
391,2455746
392,2455775
393,2455805
394,2455834
395,2455863
396,2455893
397,2455922
398,2455952
399,2455981
400,2456011
401,2456041
402,2456070
403,2456100
404,2456130
405,2456159
406,2456189
407,2456218
408,2456247
409,2456277
410,2456306
411,2456336
412,2456365
413,2456395
414,2456425
415,2456454
416,2456484
417,2456514
418,2456543
419,2456573
420,2456602
421,2456631
422,2456661
423,2456690
424,2456720
425,2456749
426,2456779
427,2456808
428,2456838
429,2456868
430,2456897
431,2456927
432,2456956
433,2456986
434,2457015
435,2457045
436,2457074
437,2457104
438,2457133
439,2457162
440,2457192
441,2457222
442,2457251
443,2457281
444,2457311
445,2457340
446,2457370
447,2457399
448,2457429
449,2457458
450,2457488
451,2457517
452,2457546
453,2457576
454,2457605
455,2457635
456,2457664
457,2457694
458,2457724
459,2457754
460,2457783
461,2457813
462,2457842
463,2457872
464,2457901
465,2457930
466,2457960
467,2457989
468,2458019
469,2458048
470,2458078
471,2458108
472,2458138
473,2458167
474,2458197
475,2458226
476,2458256
477,2458285
478,2458314
479,2458344
480,2458373
481,2458402
482,2458432
483,2458462
484,2458492
485,2458521
486,2458551
487,2458581
488,2458610
489,2458640
490,2458669
491,2458698
492,2458728
493,2458757
494,2458786
495,2458816
496,2458846
497,2458875
498,2458905
499,2458935
500,2458964
501,2458994
502,2459024
503,2459053
504,2459082
505,2459112
506,2459141
507,2459171
508,2459200
509,2459230
510,2459259
511,2459289
512,2459319
513,2459348
514,2459378
515,2459407
516,2459437
517,2459466
518,2459496
519,2459525
520,2459555
521,2459584
522,2459613
523,2459643
524,2459673
525,2459702
526,2459732
527,2459762
528,2459791
529,2459821
530,2459850
531,2459880
532,2459909
533,2459939
534,2459968
535,2459998
536,2460027
537,2460057
538,2460086
539,2460116
540,2460145
541,2460175
542,2460205
543,2460234
544,2460264
545,2460293
546,2460323
547,2460352
548,2460382
549,2460411
550,2460440
551,2460470
552,2460499
553,2460529
554,2460559
555,2460588
556,2460618
557,2460648
558,2460677
559,2460707
560,2460736
561,2460766
562,2460795
563,2460824
564,2460854
565,2460883
566,2460913
567,2460942
568,2460972
569,2461002
570,2461032
571,2461061
572,2461091
573,2461120
574,2461150
575,2461179
576,2461208
577,2461238
578,2461267
579,2461297
580,2461326
581,2461356
582,2461386
583,2461415
584,2461445
585,2461475
586,2461504
587,2461534
588,2461563
589,2461592
590,2461622
591,2461651
592,2461681
593,2461710
594,2461740
595,2461769
596,2461799
597,2461829
598,2461858
599,2461888
600,2461918
601,2461947
602,2461976
603,2462006
604,2462035
605,2462065
606,2462094
607,2462124
608,2462153
609,2462183
610,2462212
611,2462242
612,2462272
613,2462302
614,2462331
615,2462361
616,2462390
617,2462419
618,2462449
619,2462478
620,2462508
621,2462537
622,2462567
623,2462596
624,2462626
625,2462656
626,2462685
627,2462715
628,2462745
629,2462774
630,2462803
631,2462833
632,2462862
633,2462891
634,2462921
635,2462950
636,2462980
637,2463010
638,2463039
639,2463069
640,2463099
641,2463128
642,2463158
643,2463187
644,2463217
645,2463246
646,2463275
647,2463305
648,2463335
649,2463364
650,2463393
651,2463423
652,2463453
653,2463483
654,2463512
655,2463542
656,2463571
657,2463601
658,2463630
659,2463660
660,2463689
661,2463718
662,2463748
663,2463777
664,2463807
665,2463837
666,2463866
667,2463896
668,2463925
669,2463955
670,2463985
671,2464014
672,2464044
673,2464073
674,2464102
675,2464132
676,2464161
677,2464191
678,2464220
679,2464250
680,2464279
681,2464309
682,2464339
683,2464369
684,2464398
685,2464428
686,2464457
687,2464486
688,2464516
689,2464545
690,2464574
691,2464604
692,2464633
693,2464663
694,2464693
695,2464723
696,2464753
697,2464782
698,2464812
699,2464841
700,2464870
701,2464900
702,2464929
703,2464958
704,2464988
705,2465017
706,2465047
707,2465077
708,2465107
709,2465136
710,2465166
711,2465196
712,2465225
713,2465254
714,2465284
715,2465313
716,2465342
717,2465372
718,2465401
719,2465431
720,2465461
721,2465490
722,2465520
723,2465550
724,2465579
725,2465609
726,2465638
727,2465668
728,2465697
729,2465726
730,2465756
731,2465785
732,2465815
733,2465844
734,2465874
735,2465904
736,2465934
737,2465963
738,2465993
739,2466022
740,2466052
741,2466081
742,2466111
743,2466140
744,2466169
745,2466199
746,2466228
747,2466258
748,2466288
749,2466317
750,2466347
751,2466376
752,2466406
753,2466436
754,2466465
755,2466495
756,2466524
757,2466553
758,2466583
759,2466612
760,2466642
761,2466671
762,2466701
763,2466730
764,2466760
765,2466790
766,2466820
767,2466849
768,2466879
769,2466908
770,2466938
771,2466967
772,2466996
773,2467026
774,2467055
775,2467085
776,2467114
777,2467144
778,2467174
779,2467204
780,2467233
781,2467263
782,2467292
783,2467322
784,2467351
785,2467380
786,2467410
787,2467439
788,2467468
789,2467498
790,2467528
791,2467558
792,2467587
793,2467617
794,2467647
795,2467676
796,2467706
797,2467735
798,2467764
799,2467794
800,2467823
801,2467852
802,2467882
803,2467912
804,2467941
805,2467971
806,2468001
807,2468031
808,2468060
809,2468090
810,2468119
811,2468148
812,2468178
813,2468207
814,2468237
815,2468266
816,2468296
817,2468325
818,2468355
819,2468384
820,2468414
821,2468444
822,2468473
823,2468503
824,2468532
825,2468562
826,2468591
827,2468621
828,2468650
829,2468679
830,2468709
831,2468739
832,2468768
833,2468798
834,2468828
835,2468857
836,2468887
837,2468916
838,2468946
839,2468975
840,2469005
841,2469034
842,2469063
843,2469093
844,2469122
845,2469152
846,2469182
847,2469211
848,2469241
849,2469271
850,2469300
851,2469330
852,2469359
853,2469389
854,2469418
855,2469447
856,2469477
857,2469506
858,2469536
859,2469565
860,2469595
861,2469625
862,2469655
863,2469684
864,2469714
865,2469743
866,2469773
867,2469802
868,2469831
869,2469861
870,2469890
871,2469920
872,2469949
873,2469979
874,2470009
875,2470038
876,2470068
877,2470097
878,2470127
879,2470157
880,2470186
881,2470216
882,2470245
883,2470274
884,2470304
885,2470333
886,2470363
887,2470392
888,2470422
889,2470451
890,2470481
891,2470511
892,2470540
893,2470570
894,2470600
895,2470629
896,2470658
897,2470688
898,2470717
899,2470747
900,2470776
901,2470805
902,2470835
903,2470865
904,2470895
905,2470924
906,2470954
907,2470984
908,2471013
909,2471042
910,2471072
911,2471101
912,2471130
913,2471160
914,2471189
915,2471219
916,2471249
917,2471278
918,2471308
919,2471338
920,2471368
921,2471397
922,2471426
923,2471456
924,2471485
925,2471514
926,2471544
927,2471573
928,2471603
929,2471632
930,2471662
931,2471692
932,2471722
933,2471751
934,2471781
935,2471810
936,2471840
937,2471869
938,2471898
939,2471928
940,2471957
941,2471987
942,2472016
943,2472046
944,2472076
945,2472105
946,2472135
947,2472165
948,2472194
949,2472224
950,2472253
951,2472282
952,2472312
953,2472341
954,2472371
955,2472400
956,2472430
957,2472459
958,2472489
959,2472519
960,2472548
961,2472578
962,2472607
963,2472637
964,2472667
965,2472696
966,2472725
967,2472755
968,2472784
969,2472814
970,2472843
971,2472873
972,2472902
973,2472932
974,2472962
975,2472991
976,2473021
977,2473051
978,2473080
979,2473109
980,2473139
981,2473168
982,2473198
983,2473227
984,2473257
985,2473286
986,2473316
987,2473345
988,2473375
989,2473405
990,2473435
991,2473464
992,2473493
993,2473523
994,2473552
995,2473582
996,2473611
997,2473640
998,2473670
999,2473699
1000,2473729
1001,2473759
1002,2473789
1003,2473818
1004,2473848
1005,2473878
1006,2473907
1007,2473936
1008,2473966
1009,2473995
1010,2474024
1011,2474054
1012,2474083
1013,2474113
1014,2474143
1015,2474173
1016,2474202
1017,2474232
1018,2474262
1019,2474291
1020,2474320
1021,2474350
1022,2474379
1023,2474408
1024,2474438
1025,2474467
1026,2474497
1027,2474527
1028,2474556
1029,2474586
1030,2474616
1031,2474645
1032,2474675
1033,2474704
1034,2474734
1035,2474763
1036,2474792
1037,2474822
1038,2474851
1039,2474881
1040,2474910
1041,2474940
1042,2474970
1043,2475000
1044,2475029
1045,2475059
1046,2475088
1047,2475118
1048,2475147
1049,2475177
1050,2475206
1051,2475235
1052,2475265
1053,2475294
1054,2475324
1055,2475353
1056,2475383
1057,2475413
1058,2475443
1059,2475472
1060,2475502
1061,2475531
1062,2475561
1063,2475590
1064,2475619
1065,2475649
1066,2475678
1067,2475708
1068,2475737
1069,2475767
1070,2475797
1071,2475826
1072,2475856
1073,2475886
1074,2475915
1075,2475945
1076,2475974
1077,2476003
1078,2476033
1079,2476062
1080,2476092
1081,2476121
1082,2476151
1083,2476180
1084,2476210
1085,2476240
1086,2476270
1087,2476299
1088,2476328
1089,2476358
1090,2476387
1091,2476417
1092,2476446
1093,2476476
1094,2476505
1095,2476535
1096,2476564
1097,2476594
1098,2476624
1099,2476653
1100,2476683
1101,2476712
1102,2476742
1103,2476771
1104,2476801
1105,2476830
1106,2476860
1107,2476889
1108,2476918
1109,2476948
1110,2476978
1111,2477007
1112,2477037
1113,2477066
1114,2477096
1115,2477126
1116,2477155
1117,2477185
1118,2477214
1119,2477244
1120,2477273
1121,2477302
1122,2477332
1123,2477361
1124,2477391
1125,2477420
1126,2477450
1127,2477480
1128,2477510
1129,2477539
1130,2477569
1131,2477598
1132,2477628
1133,2477657
1134,2477686
1135,2477716
1136,2477745
1137,2477775
1138,2477804
1139,2477834
1140,2477864
1141,2477894
1142,2477923
1143,2477953
1144,2477982
1145,2478012
1146,2478041
1147,2478070
1148,2478100
1149,2478129
1150,2478158
1151,2478188
1152,2478218
1153,2478248
1154,2478277
1155,2478307
1156,2478337
1157,2478366
1158,2478396
1159,2478425
1160,2478454
1161,2478484
1162,2478513
1163,2478543
1164,2478572
1165,2478602
1166,2478631
1167,2478661
1168,2478691
1169,2478720
1170,2478750
1171,2478780
1172,2478809
1173,2478838
1174,2478868
1175,2478897
1176,2478927
1177,2478956
1178,2478986
1179,2479015
1180,2479045
1181,2479074
1182,2479104
1183,2479134
1184,2479163
1185,2479193
1186,2479222
1187,2479252
1188,2479281
1189,2479311
1190,2479340
1191,2479370
1192,2479399
1193,2479429
1194,2479458
1195,2479488
1196,2479517
1197,2479547
1198,2479577
1199,2479606
1200,2479636
1201,2479665
1202,2479695
1203,2479724
1204,2479754
1205,2479783
1206,2479813
1207,2479842
1208,2479871
1209,2479901
1210,2479931
1211,2479960
1212,2479990
1213,2480020
1214,2480049
1215,2480079
1216,2480108
1217,2480138
1218,2480167
1219,2480196
1220,2480226
1221,2480255
1222,2480285
1223,2480314
1224,2480344
1225,2480374
1226,2480404
1227,2480433
1228,2480463
1229,2480492
1230,2480522
1231,2480551
1232,2480580
1233,2480610
1234,2480639
1235,2480669
1236,2480698
1237,2480728
1238,2480758
1239,2480787
1240,2480817
1241,2480847
1242,2480876
1243,2480906
1244,2480935
1245,2480964
1246,2480994
1247,2481023
1248,2481053
1249,2481082
1250,2481112
1251,2481141
1252,2481171
1253,2481201
1254,2481231
1255,2481260
1256,2481290
1257,2481319
1258,2481348
1259,2481378
1260,2481407
1261,2481437
1262,2481466
1263,2481496
1264,2481525
1265,2481555
1266,2481585
1267,2481614
1268,2481644
1269,2481674
1270,2481703
1271,2481732
1272,2481762
1273,2481791
1274,2481821
1275,2481850
1276,2481880
1277,2481909
1278,2481939
1279,2481968
1280,2481998
1281,2482028
1282,2482057
1283,2482087
1284,2482117
1285,2482146
1286,2482175
1287,2482205
1288,2482234
1289,2482264
1290,2482293
1291,2482323
1292,2482352
1293,2482382
1294,2482412
1295,2482441
1296,2482471
1297,2482501
1298,2482530
1299,2482559
1300,2482589
1301,2482618
1302,2482648
1303,2482677
1304,2482706
1305,2482736
1306,2482766
1307,2482795
1308,2482825
1309,2482855
1310,2482884
1311,2482914
1312,2482943
1313,2482973
1314,2483002
1315,2483032
1316,2483061
1317,2483090
1318,2483120
1319,2483149
1320,2483179
1321,2483209
1322,2483238
1323,2483268
1324,2483298
1325,2483327
1326,2483357
1327,2483386
1328,2483416
1329,2483445
1330,2483474
1331,2483504
1332,2483533
1333,2483563
1334,2483592
1335,2483622
1336,2483652
1337,2483681
1338,2483711
1339,2483741
1340,2483770
1341,2483800
1342,2483829
1343,2483858
1344,2483888
1345,2483917
1346,2483947
1347,2483976
1348,2484006
1349,2484035
1350,2484065
1351,2484095
1352,2484125
1353,2484154
1354,2484184
1355,2484213
1356,2484242
1357,2484272
1358,2484301
1359,2484330
1360,2484360
1361,2484389
1362,2484419
1363,2484449
1364,2484479
1365,2484509
1366,2484538
1367,2484568
1368,2484597
1369,2484626
1370,2484656
1371,2484685
1372,2484714
1373,2484744
1374,2484773
1375,2484803
1376,2484833
1377,2484863
1378,2484892
1379,2484922
1380,2484952
1381,2484981
1382,2485010
1383,2485040
1384,2485069
1385,2485098
1386,2485128
1387,2485157
1388,2485187
1389,2485217
1390,2485246
1391,2485276
1392,2485306
1393,2485335
1394,2485365
1395,2485394
1396,2485424
1397,2485453
1398,2485483
1399,2485512
1400,2485542
1401,2485571
1402,2485600
1403,2485630
1404,2485660
1405,2485689
1406,2485719
1407,2485749
1408,2485778
1409,2485808
1410,2485837
1411,2485867
1412,2485896
1413,2485926
1414,2485955
1415,2485984
1416,2486014
1417,2486043
1418,2486073
1419,2486103
1420,2486132
1421,2486162
1422,2486192
1423,2486221
1424,2486251
1425,2486280
1426,2486310
1427,2486339
1428,2486368
1429,2486398
1430,2486427
1431,2486457
1432,2486486
1433,2486516
1434,2486546
1435,2486576
1436,2486605
1437,2486635
1438,2486664
1439,2486694
1440,2486723
1441,2486752
1442,2486782
1443,2486811
1444,2486840
1445,2486870
1446,2486900
1447,2486930
1448,2486959
1449,2486989
1450,2487019
1451,2487048
1452,2487078
1453,2487107
1454,2487136
1455,2487166
1456,2487195
1457,2487224
1458,2487254
1459,2487284
1460,2487313
1461,2487343
1462,2487373
1463,2487403
1464,2487432
1465,2487462
1466,2487491
1467,2487520
1468,2487550
1469,2487579
1470,2487608
1471,2487638
1472,2487668
1473,2487697
1474,2487727
1475,2487757
1476,2487786
1477,2487816
1478,2487846
1479,2487875
1480,2487904
1481,2487934
1482,2487963
1483,2487993
1484,2488022
1485,2488051
1486,2488081
1487,2488111
1488,2488140
1489,2488170
1490,2488200
1491,2488229
1492,2488259
1493,2488288
1494,2488318
1495,2488347
1496,2488377
1497,2488406
1498,2488435
1499,2488465
1500,2488495
1501,2488524
1502,2488554
1503,2488583
1504,2488613
1505,2488643
1506,2488672
1507,2488702
1508,2488731
1509,2488761
1510,2488790
1511,2488819
1512,2488849
1513,2488878
1514,2488908
1515,2488937
1516,2488967
1517,2488997
1518,2489027
1519,2489056
1520,2489086
1521,2489115
1522,2489145
1523,2489174
1524,2489204
1525,2489233
1526,2489262
1527,2489292
1528,2489321
1529,2489351
1530,2489381
1531,2489411
1532,2489440
1533,2489470
1534,2489499
1535,2489529
1536,2489558
1537,2489588
1538,2489617
1539,2489646
1540,2489676
1541,2489705
1542,2489735
1543,2489765
1544,2489794
1545,2489824
1546,2489853
1547,2489883
1548,2489913
1549,2489942
1550,2489972
1551,2490001
1552,2490030
1553,2490060
1554,2490089
1555,2490119
1556,2490148
1557,2490178
1558,2490207
1559,2490237
1560,2490267
1561,2490296
1562,2490326
1563,2490356
1564,2490385
1565,2490414
1566,2490444
1567,2490473
1568,2490503
1569,2490532
1570,2490561
1571,2490591
1572,2490621
1573,2490651
1574,2490680
1575,2490710
1576,2490740
1577,2490769
1578,2490798
1579,2490828
1580,2490857
1581,2490886
1582,2490916
1583,2490945
1584,2490975
1585,2491005
1586,2491034
1587,2491064
1588,2491094
1589,2491123
1590,2491153
1591,2491182
1592,2491212
1593,2491241
1594,2491270
1595,2491300
1596,2491329
1597,2491359
1598,2491388
1599,2491418
1600,2491448
1601,2491478
1602,2491507
1603,2491537
1604,2491566
1605,2491596
1606,2491625
1607,2491654
1608,2491684
1609,2491713
1610,2491743
1611,2491772
1612,2491802
1613,2491832
1614,2491861
1615,2491891
1616,2491921
1617,2491950
1618,2491980
1619,2492009
1620,2492038
1621,2492068
1622,2492097
1623,2492127
1624,2492156
1625,2492186
1626,2492215
1627,2492245
1628,2492275
1629,2492304
1630,2492334
1631,2492363
1632,2492393
1633,2492423
1634,2492452
1635,2492482
1636,2492511
1637,2492540
1638,2492570
1639,2492599
1640,2492629
1641,2492658
1642,2492688
1643,2492718
1644,2492747
1645,2492777
1646,2492807
1647,2492836
1648,2492866
1649,2492895
1650,2492924
1651,2492954
1652,2492983
1653,2493013
1654,2493042
1655,2493071
1656,2493101
1657,2493131
1658,2493161
1659,2493191
1660,2493220
1661,2493250
1662,2493279
1663,2493308
1664,2493338
1665,2493367
1666,2493396
1667,2493426
1668,2493455
1669,2493485
1670,2493515
1671,2493545
1672,2493574
1673,2493604
1674,2493634
1675,2493663
1676,2493692
1677,2493722
1678,2493751
1679,2493780
1680,2493810
1681,2493839
1682,2493869
1683,2493899
1684,2493928
1685,2493958
1686,2493988
1687,2494018
1688,2494047
1689,2494076
1690,2494106
1691,2494135
1692,2494164
1693,2494194
1694,2494223
1695,2494253
1696,2494282
1697,2494312
1698,2494342
1699,2494372
1700,2494401
1701,2494431
1702,2494460
1703,2494490
1704,2494519
1705,2494548
1706,2494578
1707,2494607
1708,2494637
1709,2494666
1710,2494696
1711,2494726
1712,2494755
1713,2494785
1714,2494815
1715,2494844
1716,2494874
1717,2494903
1718,2494933
1719,2494962
1720,2494991
1721,2495021
1722,2495050
1723,2495080
1724,2495109
1725,2495139
1726,2495169
1727,2495198
1728,2495228
1729,2495258
1730,2495287
1731,2495317
1732,2495346
1733,2495375
1734,2495405
1735,2495434
1736,2495464
1737,2495493
1738,2495523
1739,2495552
1740,2495582
1741,2495612
1742,2495642
1743,2495671
1744,2495701
1745,2495730
1746,2495760
1747,2495789
1748,2495818
1749,2495848
1750,2495877
1751,2495907
1752,2495936
1753,2495966
1754,2495996
1755,2496026
1756,2496055
1757,2496084
1758,2496114
1759,2496144
1760,2496173
1761,2496202
1762,2496232
1763,2496261
1764,2496290
1765,2496320
1766,2496350
1767,2496380
1768,2496409
1769,2496439
1770,2496468
1771,2496498
1772,2496527
1773,2496557
1774,2496586
1775,2496616
1776,2496645
1777,2496674
1778,2496704
1779,2496734
1780,2496763
1781,2496793
1782,2496822
1783,2496852
1784,2496882
1785,2496911
1786,2496941
1787,2496970
1788,2497000
1789,2497029
1790,2497059
1791,2497088
1792,2497117
1793,2497147
1794,2497176
1795,2497206
1796,2497236
1797,2497266
1798,2497295
1799,2497325
1800,2497354
1801,2497384
1802,2497413
1803,2497443
1804,2497472
1805,2497501
1806,2497531
1807,2497560
1808,2497590
1809,2497620
1810,2497650
1811,2497679
1812,2497709
1813,2497738
1814,2497768
1815,2497797
1816,2497826
1817,2497856
1818,2497885
1819,2497915
1820,2497944
1821,2497974
1822,2498004
1823,2498033
1824,2498063
1825,2498093
1826,2498122
1827,2498152
1828,2498181
1829,2498210
1830,2498240
1831,2498269
1832,2498299
1833,2498328
1834,2498358
1835,2498387
1836,2498417
1837,2498447
1838,2498476
1839,2498506
1840,2498535
1841,2498565
1842,2498594
1843,2498624
1844,2498653
1845,2498683
1846,2498712
1847,2498742
1848,2498771
1849,2498801
1850,2498830
1851,2498860
1852,2498890
1853,2498919
1854,2498949
1855,2498978
1856,2499008
1857,2499037
1858,2499067
1859,2499096
1860,2499126
1861,2499155
1862,2499184
1863,2499214
1864,2499244
1865,2499273
1866,2499303
1867,2499333
1868,2499362
1869,2499392
1870,2499422
1871,2499451
1872,2499480
1873,2499510
1874,2499539
1875,2499568
1876,2499598
1877,2499627
1878,2499657
1879,2499687
1880,2499716
1881,2499746
1882,2499776
1883,2499805
1884,2499835
1885,2499864
1886,2499894
1887,2499923
1888,2499952
1889,2499982
1890,2500011
1891,2500041
1892,2500070
1893,2500100
1894,2500130
1895,2500160
1896,2500189
1897,2500219
1898,2500248
1899,2500278
1900,2500307
1901,2500336
1902,2500366
1903,2500395
1904,2500425
1905,2500454
1906,2500484
1907,2500514
1908,2500543
1909,2500573
1910,2500603
1911,2500632
1912,2500662
1913,2500691
1914,2500720
1915,2500750
1916,2500779
1917,2500809
1918,2500838
1919,2500868
1920,2500897
1921,2500927
1922,2500957
1923,2500987
1924,2501016
1925,2501046
1926,2501075
1927,2501104
1928,2501134
1929,2501163
1930,2501193
1931,2501222
1932,2501252
1933,2501281
1934,2501311
1935,2501341
1936,2501370
1937,2501400
1938,2501429
1939,2501459
1940,2501488
1941,2501518
1942,2501547
1943,2501577
1944,2501606
1945,2501636
1946,2501665
1947,2501695
1948,2501724
1949,2501754
1950,2501784
1951,2501813
1952,2501843
1953,2501873
1954,2501902
1955,2501931
1956,2501961
1957,2501990
1958,2502020
1959,2502049
1960,2502078
1961,2502108
1962,2502138
1963,2502167
1964,2502197
1965,2502227
1966,2502257
1967,2502286
1968,2502315
1969,2502345
1970,2502374
1971,2502404
1972,2502433
1973,2502462
1974,2502492
1975,2502521
1976,2502551
1977,2502581
1978,2502611
1979,2502640
1980,2502670
1981,2502699
1982,2502729
1983,2502758
1984,2502788
1985,2502817
1986,2502846
1987,2502876
1988,2502905
1989,2502935
1990,2502965
1991,2502994
1992,2503024
1993,2503054
1994,2503083
1995,2503113
1996,2503142
1997,2503172
1998,2503201
1999,2503230
2000,2503260
2001,2503289
2002,2503319
2003,2503348
2004,2503378
2005,2503408
2006,2503437
2007,2503467
2008,2503497
2009,2503526
2010,2503556
2011,2503585
2012,2503614
2013,2503644
2014,2503673
2015,2503703
2016,2503732
2017,2503762
2018,2503791
2019,2503821
2020,2503851
2021,2503881
2022,2503910
2023,2503940
2024,2503969
2025,2503999
2026,2504028
2027,2504057
2028,2504086
2029,2504116
2030,2504146
2031,2504175
2032,2504205
2033,2504235
2034,2504265
2035,2504294
2036,2504324
2037,2504353
2038,2504383
2039,2504412
2040,2504441
2041,2504470
2042,2504500
2043,2504529
2044,2504559
2045,2504589
2046,2504619
2047,2504648
2048,2504678
2049,2504708
2050,2504737
2051,2504766
2052,2504796
2053,2504825
2054,2504855
2055,2504884
2056,2504914
2057,2504943
2058,2504973
2059,2505002
2060,2505032
2061,2505062
2062,2505091
2063,2505121
2064,2505150
2065,2505180
2066,2505209
2067,2505239
2068,2505268
2069,2505298
2070,2505327
2071,2505356
2072,2505386
2073,2505416
2074,2505445
2075,2505475
2076,2505504
2077,2505534
2078,2505564
2079,2505593
2080,2505623
2081,2505652
2082,2505682
2083,2505711
2084,2505740
2085,2505770
2086,2505799
2087,2505829
2088,2505858
2089,2505888
2090,2505918
2091,2505948
2092,2505977
2093,2506007
2094,2506036
2095,2506066
2096,2506095
2097,2506124
2098,2506154
2099,2506183
2100,2506213
2101,2506242
2102,2506272
2103,2506302
2104,2506332
2105,2506361
2106,2506391
2107,2506420
2108,2506450
2109,2506479
2110,2506508
2111,2506538
2112,2506567
2113,2506596
2114,2506626
2115,2506656
2116,2506686
2117,2506715
2118,2506745
2119,2506775
2120,2506804
2121,2506834
2122,2506863
2123,2506892
2124,2506922
2125,2506951
2126,2506980
2127,2507010
2128,2507040
2129,2507069
2130,2507099
2131,2507129
2132,2507159
2133,2507188
2134,2507218
2135,2507247
2136,2507276
2137,2507306
2138,2507335
2139,2507364
2140,2507394
2141,2507423
2142,2507453
2143,2507483
2144,2507513
2145,2507542
2146,2507572
2147,2507601
2148,2507631
2149,2507660
2150,2507690
2151,2507719
2152,2507749
2153,2507778
2154,2507807
2155,2507837
2156,2507867
2157,2507896
2158,2507926
2159,2507956
2160,2507985
2161,2508015
2162,2508044
2163,2508074
2164,2508103
2165,2508133
2166,2508162
2167,2508191
2168,2508221
2169,2508251
2170,2508280
2171,2508310
2172,2508339
2173,2508369
2174,2508399
2175,2508428
2176,2508458
2177,2508487
2178,2508517
2179,2508546
2180,2508576
2181,2508605
2182,2508634
2183,2508664
2184,2508693
2185,2508723
2186,2508753
2187,2508782
2188,2508812
2189,2508842
2190,2508871
2191,2508901
2192,2508930
2193,2508960
2194,2508989
2195,2509018
2196,2509048
2197,2509077
2198,2509107
2199,2509137
2200,2509166
2201,2509196
2202,2509226
2203,2509255
2204,2509285
2205,2509314
2206,2509344
2207,2509373
2208,2509402
2209,2509432
2210,2509461
2211,2509491
2212,2509520
2213,2509550
2214,2509580
2215,2509609
2216,2509639
2217,2509669
2218,2509698
2219,2509728
2220,2509757
2221,2509786
2222,2509816
2223,2509845
2224,2509875
2225,2509904
2226,2509934
2227,2509963
2228,2509993
2229,2510023
2230,2510052
2231,2510082
2232,2510112
2233,2510141
2234,2510170
2235,2510200
2236,2510229
2237,2510259
2238,2510288
2239,2510317
2240,2510347
2241,2510377
2242,2510406
2243,2510436
2244,2510466
2245,2510496
2246,2510525
2247,2510555
2248,2510584
2249,2510613
2250,2510642
2251,2510672
2252,2510701
2253,2510731
2254,2510760
2255,2510790
2256,2510820
2257,2510850
2258,2510879
2259,2510909
2260,2510939
2261,2510968
2262,2510997
2263,2511026
2264,2511056
2265,2511085
2266,2511115
2267,2511144
2268,2511174
2269,2511204
2270,2511233
2271,2511263
2272,2511293
2273,2511322
2274,2511352
2275,2511381
2276,2511411
2277,2511440
2278,2511469
2279,2511499
2280,2511528
2281,2511558
2282,2511587
2283,2511617
2284,2511647
2285,2511677
2286,2511706
2287,2511736
2288,2511765
2289,2511795
2290,2511824
2291,2511854
2292,2511883
2293,2511912
2294,2511942
2295,2511971
2296,2512001
2297,2512030
2298,2512060
2299,2512090
2300,2512119
2301,2512149
2302,2512179
2303,2512208
2304,2512238
2305,2512267
2306,2512296
2307,2512326
2308,2512355
2309,2512385
2310,2512414
2311,2512444
2312,2512473
2313,2512503
2314,2512533
2315,2512563
2316,2512592
2317,2512622
2318,2512651
2319,2512680
2320,2512710
2321,2512739
2322,2512768
2323,2512798
2324,2512827
2325,2512857
2326,2512887
2327,2512917
2328,2512947
2329,2512976
2330,2513006
2331,2513035
2332,2513064
2333,2513094
2334,2513123
2335,2513152
2336,2513182
2337,2513211
2338,2513241
2339,2513271
2340,2513301
2341,2513330
2342,2513360
2343,2513390
2344,2513419
2345,2513448
2346,2513478
2347,2513507
2348,2513536
2349,2513566
2350,2513595
2351,2513625
2352,2513655
2353,2513684
2354,2513714
2355,2513744
2356,2513774
2357,2513803
2358,2513832
2359,2513862
2360,2513891
2361,2513920
2362,2513950
2363,2513979
2364,2514009
2365,2514038
2366,2514068
2367,2514098
2368,2514128
2369,2514157
2370,2514187
2371,2514216
2372,2514246
2373,2514275
2374,2514304
2375,2514334
2376,2514363
2377,2514393
2378,2514422
2379,2514452
2380,2514482
2381,2514511
2382,2514541
2383,2514570
2384,2514600
2385,2514630
2386,2514659
2387,2514689
2388,2514718
2389,2514747
2390,2514777
2391,2514806
2392,2514836
2393,2514865
2394,2514895
2395,2514924
2396,2514954
2397,2514984
2398,2515014
2399,2515043
2400,2515073
2401,2515102
2402,2515131
2403,2515161
2404,2515190
2405,2515220
2406,2515249
2407,2515279
2408,2515308
2409,2515338
2410,2515368
2411,2515398
2412,2515427
2413,2515457
2414,2515486
2415,2515516
2416,2515545
2417,2515574
2418,2515604
2419,2515633
2420,2515662
2421,2515692
2422,2515722
2423,2515752
2424,2515781
2425,2515811
2426,2515841
2427,2515870
2428,2515900
2429,2515929
2430,2515958
2431,2515988
2432,2516017
2433,2516046
2434,2516076
2435,2516106
2436,2516135
2437,2516165
2438,2516195
2439,2516224
2440,2516254
2441,2516283
2442,2516313
2443,2516342
2444,2516372
2445,2516401
2446,2516431
2447,2516460
2448,2516490
2449,2516519
2450,2516549
2451,2516578
2452,2516608
2453,2516638
2454,2516667
2455,2516697
2456,2516726
2457,2516756
2458,2516785
2459,2516815
2460,2516844
2461,2516873
2462,2516903
2463,2516932
2464,2516962
2465,2516992
2466,2517022
2467,2517051
2468,2517081
2469,2517110
2470,2517140
2471,2517169
2472,2517199
2473,2517228
2474,2517257
2475,2517287
2476,2517316
2477,2517346
2478,2517376
2479,2517405
2480,2517435
2481,2517465
2482,2517494
2483,2517524
2484,2517553
2485,2517582
2486,2517612
2487,2517641
2488,2517671
2489,2517700
2490,2517730
2491,2517759
2492,2517789
2493,2517819
2494,2517849
2495,2517878
2496,2517908
2497,2517937
2498,2517966
2499,2517996
2500,2518025
2501,2518055
2502,2518084
2503,2518114
2504,2518143
2505,2518173
2506,2518202
2507,2518232
2508,2518262
2509,2518291
2510,2518321
2511,2518350
2512,2518380
2513,2518409
2514,2518439
2515,2518468
2516,2518498
2517,2518527
2518,2518557
2519,2518586
2520,2518616
2521,2518645
2522,2518675
2523,2518705
2524,2518734
2525,2518764
2526,2518794
2527,2518823
2528,2518852
2529,2518882
2530,2518911
2531,2518940
2532,2518970
2533,2518999
2534,2519029
2535,2519059
2536,2519089
2537,2519118
2538,2519148
2539,2519178
2540,2519207
2541,2519236
2542,2519266
2543,2519295
2544,2519324
2545,2519354
2546,2519383
2547,2519413
2548,2519443
2549,2519472
2550,2519502
2551,2519532
2552,2519561
2553,2519591
2554,2519620
2555,2519650
2556,2519679
2557,2519708
2558,2519738
2559,2519767
2560,2519797
2561,2519826
2562,2519856
2563,2519886
2564,2519916
2565,2519945
2566,2519975
2567,2520004
2568,2520034
2569,2520063
2570,2520092
2571,2520122
2572,2520151
2573,2520181
2574,2520210
2575,2520240
2576,2520270
2577,2520299
2578,2520329
2579,2520359
2580,2520388
2581,2520418
2582,2520447
2583,2520476
2584,2520506
2585,2520535
2586,2520565
2587,2520594
2588,2520624
2589,2520653
2590,2520683
2591,2520713
2592,2520743
2593,2520772
2594,2520801
2595,2520831
2596,2520860
2597,2520890
2598,2520919
2599,2520949
2600,2520978
2601,2521008
2602,2521037
2603,2521067
2604,2521097
2605,2521126
2606,2521156
2607,2521185
2608,2521215
2609,2521244
2610,2521274
2611,2521303
2612,2521333
2613,2521362
2614,2521392
2615,2521421
2616,2521451
2617,2521480
2618,2521510
2619,2521539
2620,2521569
2621,2521599
2622,2521629
2623,2521658
2624,2521687
2625,2521717
2626,2521746
2627,2521776
2628,2521805
2629,2521834
2630,2521864
2631,2521893
2632,2521923
2633,2521953
2634,2521983
2635,2522012
2636,2522042
2637,2522071
2638,2522101
2639,2522130
2640,2522160
2641,2522189
2642,2522218
2643,2522248
2644,2522277
2645,2522307
2646,2522337
2647,2522367
2648,2522396
2649,2522426
2650,2522456
2651,2522485
2652,2522514
2653,2522544
2654,2522573
2655,2522602
2656,2522632
2657,2522661
2658,2522691
2659,2522721
2660,2522750
2661,2522780
2662,2522810
2663,2522839
2664,2522869
2665,2522898
2666,2522928
2667,2522957
2668,2522986
2669,2523016
2670,2523045
2671,2523075
2672,2523104
2673,2523134
2674,2523164
2675,2523193
2676,2523223
2677,2523253
2678,2523282
2679,2523312
2680,2523341
2681,2523371
2682,2523400
2683,2523429
2684,2523459
2685,2523488
2686,2523518
2687,2523547
2688,2523577
2689,2523607
2690,2523637
2691,2523666
2692,2523696
2693,2523725
2694,2523755
2695,2523784
2696,2523813
2697,2523843
2698,2523872
2699,2523902
2700,2523931
2701,2523961
2702,2523991
2703,2524020
2704,2524050
2705,2524080
2706,2524109
2707,2524139
2708,2524168
2709,2524197
2710,2524227
2711,2524256
2712,2524285
2713,2524315
2714,2524345
2715,2524374
2716,2524404
2717,2524434
2718,2524464
2719,2524493
2720,2524522
2721,2524552
2722,2524581
2723,2524611
2724,2524640
2725,2524670
2726,2524699
2727,2524729
2728,2524758
2729,2524788
2730,2524818
2731,2524847
2732,2524877
2733,2524906
2734,2524936
2735,2524965
2736,2524995
2737,2525024
2738,2525054
2739,2525083
2740,2525112
2741,2525142
2742,2525172
2743,2525201
2744,2525231
2745,2525260
2746,2525290
2747,2525320
2748,2525349
2749,2525379
2750,2525408
2751,2525438
2752,2525467
2753,2525496
2754,2525526
2755,2525555
2756,2525585
2757,2525614
2758,2525644
2759,2525674
2760,2525704
2761,2525733
2762,2525763
2763,2525792
2764,2525822
2765,2525851
2766,2525880
2767,2525910
2768,2525939
2769,2525968
2770,2525998
2771,2526028
2772,2526058
2773,2526088
2774,2526117
2775,2526147
2776,2526176
2777,2526206
2778,2526235
2779,2526264
2780,2526294
2781,2526323
2782,2526352
2783,2526382
2784,2526412
2785,2526442
2786,2526471
2787,2526501
2788,2526531
2789,2526560
2790,2526590
2791,2526619
2792,2526648
2793,2526678
2794,2526707
2795,2526736
2796,2526766
2797,2526796
2798,2526825
2799,2526855
2800,2526885
2801,2526914
2802,2526944
2803,2526974
2804,2527003
2805,2527032
2806,2527062
2807,2527091
2808,2527121
2809,2527150
2810,2527179
2811,2527209
2812,2527239
2813,2527268
2814,2527298
2815,2527328
2816,2527357
2817,2527387
2818,2527416
2819,2527446
2820,2527475
2821,2527505
2822,2527534
2823,2527563
2824,2527593
2825,2527623
2826,2527652
2827,2527682
2828,2527711
2829,2527741
2830,2527771
2831,2527800
2832,2527830
2833,2527859
2834,2527889
2835,2527918
2836,2527947
2837,2527977
2838,2528006
2839,2528036
2840,2528065
2841,2528095
2842,2528125
2843,2528154
2844,2528184
2845,2528214
2846,2528243
2847,2528273
2848,2528302
2849,2528332
2850,2528361
2851,2528390
2852,2528420
2853,2528449
2854,2528479
2855,2528508
2856,2528538
2857,2528568
2858,2528598
2859,2528627
2860,2528657
2861,2528686
2862,2528716
2863,2528745
2864,2528774
2865,2528804
2866,2528833
2867,2528863
2868,2528892
2869,2528922
2870,2528952
2871,2528981
2872,2529011
2873,2529041
2874,2529070
2875,2529100
2876,2529129
2877,2529158
2878,2529188
2879,2529217
2880,2529247
2881,2529276
2882,2529306
2883,2529335
2884,2529365
2885,2529395
2886,2529425
2887,2529454
2888,2529484
2889,2529513
2890,2529542
2891,2529572
2892,2529601
2893,2529631
2894,2529660
2895,2529690
2896,2529719
2897,2529749
2898,2529779
2899,2529808
2900,2529838
2901,2529868
2902,2529897
2903,2529926
2904,2529956
2905,2529985
2906,2530015
2907,2530044
2908,2530073
2909,2530103
2910,2530133
2911,2530162
2912,2530192
2913,2530222
2914,2530251
2915,2530281
2916,2530311
2917,2530340
2918,2530369
2919,2530398
2920,2530428
2921,2530457
2922,2530487
2923,2530516
2924,2530546
2925,2530576
2926,2530606
2927,2530635
2928,2530665
2929,2530695
2930,2530724
2931,2530753
2932,2530783
2933,2530812
2934,2530841
2935,2530871
2936,2530900
2937,2530930
2938,2530960
2939,2530989
2940,2531019
2941,2531049
2942,2531078
2943,2531108
2944,2531137
2945,2531167
2946,2531196
2947,2531225
2948,2531255
2949,2531284
2950,2531314
2951,2531343
2952,2531373
2953,2531403
2954,2531432
2955,2531462
2956,2531492
2957,2531521
2958,2531551
2959,2531580
2960,2531610
2961,2531639
2962,2531668
2963,2531698
2964,2531727
2965,2531757
2966,2531786
2967,2531816
2968,2531846
2969,2531875
2970,2531905
2971,2531935
2972,2531964
2973,2531994
2974,2532023
2975,2532052
2976,2532082
2977,2532111
2978,2532140
2979,2532170
2980,2532200
2981,2532229
2982,2532259
2983,2532289
2984,2532319
2985,2532348
2986,2532378
2987,2532407
2988,2532436
2989,2532466
2990,2532495
2991,2532524
2992,2532554
2993,2532583
2994,2532613
2995,2532643
2996,2532673
2997,2532703
2998,2532732
2999,2532762
3000,2532791
3001,2532820
3002,2532850
3003,2532879
3004,2532908
3005,2532938
3006,2532967
3007,2532997
3008,2533027
3009,2533057
3010,2533086
3011,2533116
3012,2533145
3013,2533175
3014,2533204
3015,2533234
3016,2533263
3017,2533292
3018,2533322
3019,2533351
3020,2533381
3021,2533411
3022,2533440
3023,2533470
3024,2533500
3025,2533529
3026,2533559
3027,2533588
3028,2533618
3029,2533647
3030,2533676
3031,2533706
3032,2533735
3033,2533765
3034,2533794
3035,2533824
3036,2533854
3037,2533883
3038,2533913
3039,2533943
3040,2533972
3041,2534002
3042,2534031
3043,2534061
3044,2534090
3045,2534119
3046,2534149
3047,2534178
3048,2534208
3049,2534238
3050,2534267
3051,2534297
3052,2534326
3053,2534356
3054,2534386
3055,2534415
3056,2534445
3057,2534474
3058,2534503
3059,2534533
3060,2534562
3061,2534592
3062,2534621
3063,2534651
3064,2534680
3065,2534710
3066,2534740
3067,2534769
3068,2534799
3069,2534829
3070,2534858
3071,2534888
3072,2534917
3073,2534946
3074,2534976
3075,2535005
3076,2535034
3077,2535064
3078,2535094
3079,2535124
3080,2535153
3081,2535183
3082,2535213
3083,2535242
3084,2535272
3085,2535301
3086,2535330
3087,2535359
3088,2535389
3089,2535418
3090,2535448
3091,2535478
3092,2535507
3093,2535537
3094,2535567
3095,2535597
3096,2535626
3097,2535656
3098,2535685
3099,2535714
3100,2535744
3101,2535773
3102,2535802
3103,2535832
3104,2535862
3105,2535891
3106,2535921
3107,2535951
3108,2535980
3109,2536010
3110,2536039
3111,2536069
3112,2536098
3113,2536128
3114,2536157
3115,2536187
3116,2536216
3117,2536245
3118,2536275
3119,2536305
3120,2536334
3121,2536364
3122,2536394
3123,2536423
3124,2536453
3125,2536482
3126,2536512
3127,2536541
3128,2536571
3129,2536600
3130,2536629
3131,2536659
3132,2536688
3133,2536718
3134,2536748
3135,2536777
3136,2536807
3137,2536837
3138,2536866
3139,2536896
3140,2536925
3141,2536955
3142,2536984
3143,2537013
3144,2537043
3145,2537072
3146,2537102
3147,2537132
3148,2537161
3149,2537191
3150,2537221
3151,2537250
3152,2537280
3153,2537309
3154,2537338
3155,2537368
3156,2537397
3157,2537427
3158,2537456
3159,2537486
3160,2537515
3161,2537545
3162,2537575
3163,2537605
3164,2537634
3165,2537664
3166,2537693
3167,2537723
3168,2537752
3169,2537781
3170,2537811
3171,2537840
3172,2537870
3173,2537899
3174,2537929
3175,2537958
3176,2537988
3177,2538018
3178,2538047
3179,2538077
3180,2538106
3181,2538136
3182,2538165
3183,2538195
3184,2538224
3185,2538254
3186,2538283
3187,2538313
3188,2538342
3189,2538372
3190,2538401
3191,2538431
3192,2538461
3193,2538490
3194,2538520
3195,2538550
3196,2538579
3197,2538608
3198,2538638
3199,2538667
3200,2538696
3201,2538726
3202,2538755
3203,2538785
3204,2538815
3205,2538845
3206,2538874
3207,2538904
3208,2538934
3209,2538963
3210,2538992
3211,2539022
3212,2539051
3213,2539080
3214,2539110
3215,2539139
3216,2539169
3217,2539198
3218,2539228
3219,2539258
3220,2539288
3221,2539317
3222,2539347
3223,2539376
3224,2539406
3225,2539435
3226,2539464
3227,2539494
3228,2539523
3229,2539553
3230,2539582
3231,2539612
3232,2539642
3233,2539672
3234,2539701
3235,2539731
3236,2539760
3237,2539790
3238,2539819
3239,2539848
3240,2539878
3241,2539907
3242,2539937
3243,2539966
3244,2539996
3245,2540026
3246,2540055
3247,2540085
3248,2540115
3249,2540144
3250,2540174
3251,2540203
3252,2540232
3253,2540262
3254,2540291
3255,2540321
3256,2540350
3257,2540380
3258,2540409
3259,2540439
3260,2540469
3261,2540498
3262,2540528
3263,2540557
3264,2540587
3265,2540616
3266,2540646
3267,2540675
3268,2540705
3269,2540734
3270,2540764
3271,2540793
3272,2540823
3273,2540852
3274,2540882
3275,2540912
3276,2540941
3277,2540971
3278,2541000
3279,2541030
3280,2541059
3281,2541089
3282,2541118
3283,2541148
3284,2541177
3285,2541206
3286,2541236
3287,2541266
3288,2541295
3289,2541325
3290,2541355
3291,2541384
3292,2541414
3293,2541443
3294,2541473
3295,2541502
3296,2541532
3297,2541561
3298,2541590
3299,2541620
3300,2541649
3301,2541679
3302,2541709
3303,2541739
3304,2541768
3305,2541798
3306,2541828
3307,2541857
3308,2541886
3309,2541916
3310,2541945
3311,2541974
3312,2542004
3313,2542033
3314,2542063
3315,2542093
3316,2542122
3317,2542152
3318,2542182
3319,2542212
3320,2542241
3321,2542270
3322,2542299
3323,2542329
3324,2542358
3325,2542388
3326,2542417
3327,2542447
3328,2542476
3329,2542506
3330,2542536
3331,2542566
3332,2542595
3333,2542625
3334,2542654
3335,2542684
3336,2542713
3337,2542742
3338,2542772
3339,2542801
3340,2542831
3341,2542860
3342,2542890
3343,2542920
3344,2542949
3345,2542979
3346,2543009
3347,2543038
3348,2543068
3349,2543097
3350,2543127
3351,2543156
3352,2543185
3353,2543215
3354,2543244
3355,2543274
3356,2543303
3357,2543333
3358,2543363
3359,2543392
3360,2543422
3361,2543452
3362,2543481
3363,2543511
3364,2543540
3365,2543569
3366,2543599
3367,2543628
3368,2543658
3369,2543687
3370,2543717
3371,2543747
3372,2543776
3373,2543806
3374,2543836
3375,2543865
3376,2543895
3377,2543924
3378,2543953
3379,2543983
3380,2544012
3381,2544041
3382,2544071
3383,2544101
3384,2544130
3385,2544160
3386,2544190
3387,2544219
3388,2544249
3389,2544278
3390,2544308
3391,2544337
3392,2544367
3393,2544396
3394,2544426
3395,2544455
3396,2544484
3397,2544514
3398,2544544
3399,2544573
3400,2544603
3401,2544633
3402,2544662
3403,2544692
3404,2544721
3405,2544751
3406,2544780
3407,2544810
3408,2544839
3409,2544868
3410,2544898
3411,2544927
3412,2544957
3413,2544987
3414,2545016
3415,2545046
3416,2545076
3417,2545105
3418,2545135
3419,2545164
3420,2545194
3421,2545223
3422,2545252
3423,2545282
3424,2545311
3425,2545341
3426,2545370
3427,2545400
3428,2545430
3429,2545460
3430,2545489
3431,2545519
3432,2545548
3433,2545578
3434,2545607
3435,2545636
3436,2545666
3437,2545695
3438,2545724
3439,2545754
3440,2545784
3441,2545814
3442,2545844
3443,2545873
3444,2545903
3445,2545932
3446,2545962
3447,2545991
3448,2546020
3449,2546050
3450,2546079
3451,2546108
3452,2546138
3453,2546168
3454,2546198
3455,2546227
3456,2546257
3457,2546286
3458,2546316
3459,2546346
3460,2546375
3461,2546404
3462,2546434
3463,2546463
3464,2546492
3465,2546522
3466,2546552
3467,2546581
3468,2546611
3469,2546640
3470,2546670
3471,2546700
3472,2546729
3473,2546759
3474,2546788
3475,2546818
3476,2546847
3477,2546877
3478,2546906
3479,2546935
3480,2546965
3481,2546995
3482,2547024
3483,2547054
3484,2547084
3485,2547113
3486,2547143
3487,2547172
3488,2547202
3489,2547231
3490,2547261
3491,2547290
3492,2547319
3493,2547349
3494,2547378
3495,2547408
3496,2547438
3497,2547467
3498,2547497
3499,2547527
3500,2547556
3501,2547586
3502,2547615
3503,2547645
3504,2547674
3505,2547703
3506,2547733
3507,2547762
3508,2547792
3509,2547821
3510,2547851
3511,2547881
3512,2547910
3513,2547940
3514,2547970
3515,2547999
3516,2548029
3517,2548058
3518,2548088
3519,2548117
3520,2548146
3521,2548176
3522,2548205
3523,2548235
3524,2548264
3525,2548294
3526,2548324
3527,2548354
3528,2548383
3529,2548413
3530,2548442
3531,2548472
3532,2548501
3533,2548530
3534,2548559
3535,2548589
3536,2548619
3537,2548648
3538,2548678
3539,2548708
3540,2548737
3541,2548767
3542,2548797
3543,2548826
3544,2548856
3545,2548885
3546,2548914
3547,2548944
3548,2548973
3549,2549003
3550,2549032
3551,2549062
3552,2549091
3553,2549121
3554,2549151
3555,2549181
3556,2549210
3557,2549239
3558,2549269
3559,2549298
3560,2549328
3561,2549357
3562,2549387
3563,2549416
3564,2549446
3565,2549475
3566,2549505
3567,2549535
3568,2549564
3569,2549594
3570,2549623
3571,2549653
3572,2549682
3573,2549712
3574,2549741
3575,2549771
3576,2549800
3577,2549830
3578,2549859
3579,2549889
3580,2549918
3581,2549948
3582,2549978
3583,2550007
3584,2550037
3585,2550067
3586,2550096
3587,2550125
3588,2550155
3589,2550184
3590,2550213
3591,2550243
3592,2550272
3593,2550302
3594,2550332
3595,2550361
3596,2550391
3597,2550421
3598,2550451
3599,2550480
3600,2550509
3601,2550539
3602,2550568
3603,2550597
3604,2550627
3605,2550656
3606,2550686
3607,2550715
3608,2550745
3609,2550775
3610,2550805
3611,2550834
3612,2550864
3613,2550893
3614,2550923
3615,2550952
3616,2550981
3617,2551011
3618,2551040
3619,2551070
3620,2551099
3621,2551129
3622,2551159
3623,2551188
3624,2551218
3625,2551248
3626,2551277
3627,2551307
3628,2551336
3629,2551366
3630,2551395
3631,2551424
3632,2551454
3633,2551483
3634,2551513
3635,2551542
3636,2551572
3637,2551602
3638,2551631
3639,2551661
3640,2551691
3641,2551720
3642,2551750
3643,2551779
3644,2551808
3645,2551838
3646,2551867
3647,2551896
3648,2551926
3649,2551956
3650,2551985
3651,2552015
3652,2552045
3653,2552075
3654,2552104
3655,2552134
3656,2552163
3657,2552192
3658,2552222
3659,2552251
3660,2552280
3661,2552310
3662,2552339
3663,2552369
3664,2552399
3665,2552429
3666,2552459
3667,2552488
3668,2552518
3669,2552547
3670,2552576
3671,2552606
3672,2552635
3673,2552664
3674,2552694
3675,2552723
3676,2552753
3677,2552783
3678,2552813
3679,2552842
3680,2552872
3681,2552901
3682,2552931
3683,2552960
3684,2552990
3685,2553019
3686,2553048
3687,2553078
3688,2553107
3689,2553137
3690,2553167
3691,2553196
3692,2553226
3693,2553256
3694,2553285
3695,2553315
3696,2553344
3697,2553374
3698,2553403
3699,2553432
3700,2553462
3701,2553491
3702,2553521
3703,2553550
3704,2553580
3705,2553610
3706,2553639
3707,2553669
3708,2553698
3709,2553728
3710,2553758
3711,2553787
3712,2553817
3713,2553846
3714,2553875
3715,2553905
3716,2553934
3717,2553964
3718,2553993
3719,2554023
3720,2554052
3721,2554082
3722,2554112
3723,2554142
3724,2554171
3725,2554201
3726,2554230
3727,2554259
3728,2554289
3729,2554318
3730,2554348
3731,2554377
3732,2554406
3733,2554436
3734,2554466
3735,2554496
3736,2554525
3737,2554555
3738,2554585
3739,2554614
3740,2554644
3741,2554673
3742,2554702
3743,2554731
3744,2554761
3745,2554790
3746,2554820
3747,2554850
3748,2554879
3749,2554909
3750,2554939
3751,2554969
3752,2554998
3753,2555028
3754,2555057
3755,2555086
3756,2555115
3757,2555145
3758,2555174
3759,2555204
3760,2555234
3761,2555263
3762,2555293
3763,2555323
3764,2555353
3765,2555382
3766,2555412
3767,2555441
3768,2555470
3769,2555499
3770,2555529
3771,2555558
3772,2555588
3773,2555617
3774,2555647
3775,2555677
3776,2555707
3777,2555736
3778,2555766
3779,2555795
3780,2555825
3781,2555854
3782,2555884
3783,2555913
3784,2555942
3785,2555972
3786,2556001
3787,2556031
3788,2556061
3789,2556090
3790,2556120
3791,2556150
3792,2556179
3793,2556209
3794,2556238
3795,2556268
3796,2556297
3797,2556327
3798,2556356
3799,2556385
3800,2556415
3801,2556444
3802,2556474
3803,2556504
3804,2556533
3805,2556563
3806,2556593
3807,2556622
3808,2556652
3809,2556681
3810,2556711
3811,2556740
3812,2556769
3813,2556799
3814,2556828
3815,2556858
3816,2556887
3817,2556917
3818,2556947
3819,2556977
3820,2557006
3821,2557036
3822,2557065
3823,2557095
3824,2557124
3825,2557153
3826,2557183
3827,2557212
3828,2557242
3829,2557271
3830,2557301
3831,2557331
3832,2557360
3833,2557390
3834,2557420
3835,2557449
3836,2557479
3837,2557508
3838,2557537
3839,2557567
3840,2557596
3841,2557626
3842,2557655
3843,2557685
3844,2557714
3845,2557744
3846,2557774
3847,2557803
3848,2557833
3849,2557863
3850,2557892
3851,2557921
3852,2557951
3853,2557980
3854,2558010
3855,2558039
3856,2558069
3857,2558098
3858,2558128
3859,2558157
3860,2558187
3861,2558217
3862,2558246
3863,2558276
3864,2558306
3865,2558335
3866,2558364
3867,2558394
3868,2558423
3869,2558452
3870,2558482
3871,2558511
3872,2558541
3873,2558571
3874,2558600
3875,2558630
3876,2558660
3877,2558690
3878,2558719
3879,2558748
3880,2558778
3881,2558807
3882,2558836
3883,2558866
3884,2558895
3885,2558925
3886,2558954
3887,2558984
3888,2559014
3889,2559044
3890,2559073
3891,2559103
3892,2559132
3893,2559162
3894,2559191
3895,2559220
3896,2559250
3897,2559279
3898,2559309
3899,2559338
3900,2559368
3901,2559398
3902,2559427
3903,2559457
3904,2559487
3905,2559516
3906,2559546
3907,2559575
3908,2559604
3909,2559634
3910,2559663
3911,2559693
3912,2559722
3913,2559752
3914,2559781
3915,2559811
3916,2559841
3917,2559870
3918,2559900
3919,2559929
3920,2559959
3921,2559988
3922,2560018
3923,2560047
3924,2560077
3925,2560106
3926,2560136
3927,2560165
3928,2560195
3929,2560225
3930,2560254
3931,2560284
3932,2560313
3933,2560343
3934,2560372
3935,2560402
3936,2560431
3937,2560461
3938,2560490
3939,2560520
3940,2560549
3941,2560579
3942,2560608
3943,2560638
3944,2560667
3945,2560697
3946,2560727
3947,2560757
3948,2560786
3949,2560815
3950,2560845
3951,2560874
3952,2560904
3953,2560933
3954,2560962
3955,2560992
3956,2561021
3957,2561051
3958,2561081
3959,2561111
3960,2561140
3961,2561170
3962,2561199
3963,2561229
3964,2561258
3965,2561288
3966,2561317
3967,2561346
3968,2561376
3969,2561405
3970,2561435
3971,2561465
3972,2561495
3973,2561524
3974,2561554
3975,2561584
3976,2561613
3977,2561642
3978,2561671
3979,2561701
3980,2561730
3981,2561760
3982,2561789
3983,2561819
3984,2561849
3985,2561878
3986,2561908
3987,2561938
3988,2561967
3989,2561997
3990,2562026
3991,2562055
3992,2562085
3993,2562114
3994,2562144
3995,2562173
3996,2562203
3997,2562232
3998,2562262
3999,2562292
4000,2562322
4001,2562351
4002,2562381
4003,2562410
4004,2562439
4005,2562469
4006,2562498
4007,2562528
4008,2562557
4009,2562587
4010,2562616
4011,2562646
4012,2562676
4013,2562705
4014,2562735
4015,2562764
4016,2562794
4017,2562824
4018,2562853
4019,2562883
4020,2562912
4021,2562941
4022,2562971
4023,2563000
4024,2563030
4025,2563059
4026,2563089
4027,2563119
4028,2563148
4029,2563178
4030,2563208
4031,2563237
4032,2563267
4033,2563296
4034,2563325
4035,2563355
4036,2563384
4037,2563414
4038,2563443
4039,2563473
4040,2563502
4041,2563532
4042,2563562
4043,2563592
4044,2563621
4045,2563650
4046,2563680
4047,2563709
4048,2563739
4049,2563768
4050,2563797
4051,2563827
4052,2563856
4053,2563886
4054,2563916
4055,2563946
4056,2563975
4057,2564005
4058,2564034
4059,2564064
4060,2564093
4061,2564123
4062,2564152
4063,2564182
4064,2564211
4065,2564240
4066,2564270
4067,2564300
4068,2564329
4069,2564359
4070,2564389
4071,2564418
4072,2564448
4073,2564477
4074,2564507
4075,2564536
4076,2564566
4077,2564595
4078,2564624
4079,2564654
4080,2564683
4081,2564713
4082,2564743
4083,2564772
4084,2564802
4085,2564832
4086,2564861
4087,2564891
4088,2564920
4089,2564950
4090,2564979
4091,2565008
4092,2565038
4093,2565067
4094,2565097
4095,2565126
4096,2565156
4097,2565186
4098,2565216
4099,2565245
4100,2565275
4101,2565304
4102,2565334
4103,2565363
4104,2565392
4105,2565422
4106,2565451
4107,2565481
4108,2565510
4109,2565540
4110,2565570
4111,2565599
4112,2565629
4113,2565659
4114,2565688
4115,2565718
4116,2565747
4117,2565776
4118,2565806
4119,2565835
4120,2565864
4121,2565894
4122,2565924
4123,2565953
4124,2565983
4125,2566013
4126,2566042
4127,2566072
4128,2566102
4129,2566131
4130,2566160
4131,2566190
4132,2566219
4133,2566249
4134,2566278
4135,2566308
4136,2566337
4137,2566367
4138,2566396
4139,2566426
4140,2566456
4141,2566485
4142,2566515
4143,2566544
4144,2566574
4145,2566603
4146,2566633
4147,2566662
4148,2566691
4149,2566721
4150,2566750
4151,2566780
4152,2566810
4153,2566839
4154,2566869
4155,2566899
4156,2566928
4157,2566958
4158,2566987
4159,2567017
4160,2567046
4161,2567075
4162,2567105
4163,2567134
4164,2567164
4165,2567193
4166,2567223
4167,2567253
4168,2567283
4169,2567312
4170,2567342
4171,2567371
4172,2567401
4173,2567430
4174,2567459
4175,2567489
4176,2567518
4177,2567548
4178,2567577
4179,2567607
4180,2567637
4181,2567666
4182,2567696
4183,2567726
4184,2567755
4185,2567785
4186,2567814
4187,2567844
4188,2567873
4189,2567902
4190,2567931
4191,2567961
4192,2567991
4193,2568020
4194,2568050
4195,2568080
4196,2568110
4197,2568139
4198,2568169
4199,2568198
4200,2568228
4201,2568257
4202,2568286
4203,2568315
4204,2568345
4205,2568375
4206,2568404
4207,2568434
4208,2568464
4209,2568493
4210,2568523
4211,2568553
4212,2568582
4213,2568611
4214,2568641
4215,2568670
4216,2568700
4217,2568729
4218,2568758
4219,2568788
4220,2568818
4221,2568847
4222,2568877
4223,2568907
4224,2568937
4225,2568966
4226,2568995
4227,2569025
4228,2569054
4229,2569084
4230,2569113
4231,2569142
4232,2569172
4233,2569202
4234,2569231
4235,2569261
4236,2569291
4237,2569320
4238,2569350
4239,2569379
4240,2569409
4241,2569438
4242,2569468
4243,2569497
4244,2569526
4245,2569556
4246,2569586
4247,2569615
4248,2569645
4249,2569674
4250,2569704
4251,2569734
4252,2569763
4253,2569793
4254,2569823
4255,2569852
4256,2569881
4257,2569911
4258,2569940
4259,2569969
4260,2569999
4261,2570028
4262,2570058
4263,2570088
4264,2570117
4265,2570147
4266,2570177
4267,2570206
4268,2570236
4269,2570265
4270,2570295
4271,2570324
4272,2570353
4273,2570383
4274,2570412
4275,2570442
4276,2570471
4277,2570501
4278,2570531
4279,2570561
4280,2570590
4281,2570620
4282,2570649
4283,2570679
4284,2570708
4285,2570737
4286,2570767
4287,2570796
4288,2570826
4289,2570855
4290,2570885
4291,2570915
4292,2570944
4293,2570974
4294,2571004
4295,2571033
4296,2571063
4297,2571092
4298,2571122
4299,2571151
4300,2571180
4301,2571210
4302,2571239
4303,2571269
4304,2571298
4305,2571328
4306,2571358
4307,2571387
4308,2571417
4309,2571447
4310,2571476
4311,2571506
4312,2571535
4313,2571564
4314,2571594
4315,2571623
4316,2571652
4317,2571682
4318,2571712
4319,2571741
4320,2571771
4321,2571801
4322,2571831
4323,2571860
4324,2571890
4325,2571919
4326,2571948
4327,2571978
4328,2572007
4329,2572036
4330,2572066
4331,2572095
4332,2572125
4333,2572155
4334,2572185
4335,2572214
4336,2572244
4337,2572274
4338,2572303
4339,2572332
4340,2572362
4341,2572391
4342,2572420
4343,2572450
4344,2572479
4345,2572509
4346,2572539
4347,2572568
4348,2572598
4349,2572628
4350,2572657
4351,2572687
4352,2572716
4353,2572746
4354,2572775
4355,2572804
4356,2572834
4357,2572863
4358,2572893
4359,2572922
4360,2572952
4361,2572982
4362,2573011
4363,2573041
4364,2573071
4365,2573100
4366,2573130
4367,2573159
4368,2573189
4369,2573218
4370,2573247
4371,2573277
4372,2573306
4373,2573336
4374,2573365
4375,2573395
4376,2573425
4377,2573454
4378,2573484
4379,2573514
4380,2573543
4381,2573573
4382,2573602
4383,2573631
4384,2573661
4385,2573690
4386,2573720
4387,2573749
4388,2573779
4389,2573808
4390,2573838
4391,2573868
4392,2573898
4393,2573927
4394,2573957
4395,2573986
4396,2574015
4397,2574045
4398,2574074
4399,2574104
4400,2574133
4401,2574162
4402,2574192
4403,2574222
4404,2574252
4405,2574282
4406,2574311
4407,2574341
4408,2574370
4409,2574400
4410,2574429
4411,2574458
4412,2574487
4413,2574517
4414,2574546
4415,2574576
4416,2574606
4417,2574635
4418,2574665
4419,2574695
4420,2574725
4421,2574754
4422,2574784
4423,2574813
4424,2574842
4425,2574871
4426,2574901
4427,2574930
4428,2574960
4429,2574989
4430,2575019
4431,2575049
4432,2575079
4433,2575108
4434,2575138
4435,2575167
4436,2575197
4437,2575226
4438,2575255
4439,2575285
4440,2575314
4441,2575344
4442,2575373
4443,2575403
4444,2575433
4445,2575463
4446,2575492
4447,2575522
4448,2575551
4449,2575581
4450,2575610
4451,2575640
4452,2575669
4453,2575698
4454,2575728
4455,2575757
4456,2575787
4457,2575817
4458,2575846
4459,2575876
4460,2575905
4461,2575935
4462,2575965
4463,2575994
4464,2576024
4465,2576053
4466,2576082
4467,2576112
4468,2576141
4469,2576171
4470,2576200
4471,2576230
4472,2576259
4473,2576289
4474,2576319
4475,2576348
4476,2576378
4477,2576408
4478,2576437
4479,2576466
4480,2576496
4481,2576525
4482,2576555
4483,2576584
4484,2576614
4485,2576643
4486,2576673
4487,2576703
4488,2576732
4489,2576762
4490,2576792
4491,2576821
4492,2576851
4493,2576880
4494,2576909
4495,2576939
4496,2576968
4497,2576998
4498,2577027
4499,2577057
4500,2577087
4501,2577116
4502,2577146
4503,2577175
4504,2577205
4505,2577235
4506,2577264
4507,2577293
4508,2577323
4509,2577352
4510,2577381
4511,2577411
4512,2577441
4513,2577470
4514,2577500
4515,2577529
4516,2577559
4517,2577589
4518,2577619
4519,2577648
4520,2577677
4521,2577707
4522,2577736
4523,2577766
4524,2577795
4525,2577825
4526,2577854
4527,2577883
4528,2577913
4529,2577943
4530,2577973
4531,2578002
4532,2578032
4533,2578062
4534,2578091
4535,2578120
4536,2578150
4537,2578179
4538,2578208
4539,2578238
4540,2578267
4541,2578297
4542,2578327
4543,2578356
4544,2578386
4545,2578416
4546,2578445
4547,2578475
4548,2578504
4549,2578534
4550,2578563
4551,2578592
4552,2578622
4553,2578651
4554,2578681
4555,2578710
4556,2578740
4557,2578770
4558,2578800
4559,2578829
4560,2578859
4561,2578888
4562,2578918
4563,2578947
4564,2578976
4565,2579006
4566,2579035
4567,2579065
4568,2579094
4569,2579124
4570,2579154
4571,2579183
4572,2579213
4573,2579243
4574,2579272
4575,2579302
4576,2579331
4577,2579360
4578,2579390
4579,2579419
4580,2579449
4581,2579478
4582,2579508
4583,2579537
4584,2579567
4585,2579597
4586,2579626
4587,2579656
4588,2579685
4589,2579715
4590,2579744
4591,2579774
4592,2579803
4593,2579833
4594,2579862
4595,2579892
4596,2579921
4597,2579951
4598,2579980
4599,2580010
4600,2580040
4601,2580069
4602,2580099
4603,2580129
4604,2580158
4605,2580187
4606,2580217
4607,2580246
4608,2580275
4609,2580305
4610,2580334
4611,2580364
4612,2580394
4613,2580423
4614,2580453
4615,2580483
4616,2580513
4617,2580542
4618,2580571
4619,2580601
4620,2580630
4621,2580659
4622,2580689
4623,2580718
4624,2580748
4625,2580777
4626,2580807
4627,2580837
4628,2580867
4629,2580896
4630,2580926
4631,2580955
4632,2580985
4633,2581014
4634,2581043
4635,2581073
4636,2581102
4637,2581132
4638,2581161
4639,2581191
4640,2581221
4641,2581251
4642,2581280
4643,2581310
4644,2581339
4645,2581369
4646,2581398
4647,2581427
4648,2581457
4649,2581486
4650,2581516
4651,2581545
4652,2581575
4653,2581604
4654,2581634
4655,2581664
4656,2581694
4657,2581723
4658,2581753
4659,2581782
4660,2581811
4661,2581841
4662,2581870
4663,2581900
4664,2581929
4665,2581959
4666,2581988
4667,2582018
4668,2582048
4669,2582078
4670,2582107
4671,2582137
4672,2582166
4673,2582195
4674,2582225
4675,2582254
4676,2582284
4677,2582313
4678,2582343
4679,2582372
4680,2582402
4681,2582432
4682,2582461
4683,2582491
4684,2582520
4685,2582550
4686,2582579
4687,2582609
4688,2582638
4689,2582668
4690,2582697
4691,2582727
4692,2582756
4693,2582786
4694,2582815
4695,2582845
4696,2582874
4697,2582904
4698,2582934
4699,2582964
4700,2582993
4701,2583022
4702,2583052
4703,2583081
4704,2583111
4705,2583140
4706,2583169
4707,2583199
4708,2583228
4709,2583258
4710,2583288
4711,2583318
4712,2583347
4713,2583377
4714,2583406
4715,2583436
4716,2583465
4717,2583495
4718,2583524
4719,2583553
4720,2583583
4721,2583612
4722,2583642
4723,2583672
4724,2583702
4725,2583731
4726,2583761
4727,2583790
4728,2583820
4729,2583849
4730,2583879
4731,2583908
4732,2583937
4733,2583967
4734,2583996
4735,2584026
4736,2584056
4737,2584085
4738,2584115
4739,2584145
4740,2584174
4741,2584204
4742,2584233
4743,2584263
4744,2584292
4745,2584321
4746,2584351
4747,2584380
4748,2584410
4749,2584439
4750,2584469
4751,2584499
4752,2584528
4753,2584558
4754,2584588
4755,2584617
4756,2584647
4757,2584676
4758,2584706
4759,2584735
4760,2584764
4761,2584794
4762,2584823
4763,2584853
4764,2584882
4765,2584912
4766,2584942
4767,2584972
4768,2585001
4769,2585031
4770,2585060
4771,2585090
4772,2585119
4773,2585148
4774,2585178
4775,2585207
4776,2585237
4777,2585266
4778,2585296
4779,2585326
4780,2585355
4781,2585385
4782,2585415
4783,2585444
4784,2585474
4785,2585503
4786,2585532
4787,2585562
4788,2585591
4789,2585620
4790,2585650
4791,2585680
4792,2585709
4793,2585739
4794,2585769
4795,2585798
4796,2585828
4797,2585857
4798,2585887
4799,2585916
4800,2585946
4801,2585975
4802,2586005
4803,2586034
4804,2586064
4805,2586093
4806,2586123
4807,2586152
4808,2586182
4809,2586212
4810,2586241
4811,2586271
4812,2586300
4813,2586330
4814,2586359
4815,2586389
4816,2586418
4817,2586447
4818,2586477
4819,2586506
4820,2586536
4821,2586566
4822,2586595
4823,2586625
4824,2586655
4825,2586684
4826,2586714
4827,2586743
4828,2586773
4829,2586802
4830,2586831
4831,2586861
4832,2586890
4833,2586920
4834,2586949
4835,2586979
4836,2587009
4837,2587038
4838,2587068
4839,2587098
4840,2587127
4841,2587157
4842,2587186
4843,2587215
4844,2587245
4845,2587274
4846,2587304
4847,2587333
4848,2587363
4849,2587392
4850,2587422
4851,2587452
4852,2587482
4853,2587511
4854,2587541
4855,2587570
4856,2587599
4857,2587629
4858,2587658
4859,2587687
4860,2587717
4861,2587747
4862,2587776
4863,2587806
4864,2587836
4865,2587865
4866,2587895
4867,2587925
4868,2587954
4869,2587983
4870,2588013
4871,2588042
4872,2588071
4873,2588101
4874,2588131
4875,2588160
4876,2588190
4877,2588219
4878,2588249
4879,2588279
4880,2588309
4881,2588338
4882,2588367
4883,2588397
4884,2588426
4885,2588456
4886,2588485
4887,2588514
4888,2588544
4889,2588574
4890,2588603
4891,2588633
4892,2588663
4893,2588692
4894,2588722
4895,2588751
4896,2588781
4897,2588810
4898,2588840
4899,2588869
4900,2588898
4901,2588928
4902,2588958
4903,2588987
4904,2589017
4905,2589046
4906,2589076
4907,2589106
4908,2589135
4909,2589165
4910,2589194
4911,2589224
4912,2589253
4913,2589283
4914,2589312
4915,2589342
4916,2589371
4917,2589400
4918,2589430
4919,2589460
4920,2589489
4921,2589519
4922,2589549
4923,2589578
4924,2589608
4925,2589637
4926,2589667
4927,2589696
4928,2589725
4929,2589755
4930,2589784
4931,2589814
4932,2589843
4933,2589873
4934,2589903
4935,2589933
4936,2589962
4937,2589992
4938,2590021
4939,2590051
4940,2590080
4941,2590109
4942,2590139
4943,2590168
4944,2590198
4945,2590227
4946,2590257
4947,2590287
4948,2590316
4949,2590346
4950,2590376
4951,2590405
4952,2590435
4953,2590464
4954,2590493
4955,2590523
4956,2590552
4957,2590582
4958,2590611
4959,2590641
4960,2590670
4961,2590700
4962,2590730
4963,2590760
4964,2590789
4965,2590819
4966,2590848
4967,2590877
4968,2590907
4969,2590936
4970,2590966
4971,2590995
4972,2591025
4973,2591054
4974,2591084
4975,2591114
4976,2591143
4977,2591173
4978,2591203
4979,2591232
4980,2591261
4981,2591291
4982,2591320
4983,2591350
4984,2591379
4985,2591408
4986,2591438
4987,2591468
4988,2591497
4989,2591527
4990,2591557
4991,2591587
4992,2591616
4993,2591646
4994,2591675
4995,2591704
4996,2591734
4997,2591763
4998,2591792
4999,2591822
5000,2591851
5001,2591881
5002,2591911
5003,2591941
5004,2591970
5005,2592000
5006,2592030
5007,2592059
5008,2592088
5009,2592118
5010,2592147
5011,2592176
5012,2592206
5013,2592235
5014,2592265
5015,2592295
5016,2592324
5017,2592354
5018,2592384
5019,2592413
5020,2592443
5021,2592472
5022,2592502
5023,2592531
5024,2592560
5025,2592590
5026,2592619
5027,2592649
5028,2592678
5029,2592708
5030,2592738
5031,2592767
5032,2592797
5033,2592827
5034,2592856
5035,2592886
5036,2592915
5037,2592945
5038,2592974
5039,2593003
5040,2593033
5041,2593062
5042,2593092
5043,2593121
5044,2593151
5045,2593181
5046,2593210
5047,2593240
5048,2593270
5049,2593299
5050,2593329
5051,2593358
5052,2593387
5053,2593417
5054,2593446
5055,2593476
5056,2593505
5057,2593535
5058,2593564
5059,2593594
5060,2593624
5061,2593654
5062,2593683
5063,2593713
5064,2593742
5065,2593771
5066,2593801
5067,2593830
5068,2593859
5069,2593889
5070,2593918
5071,2593948
5072,2593978
5073,2594008
5074,2594038
5075,2594067
5076,2594097
5077,2594126
5078,2594155
5079,2594185
5080,2594214
5081,2594243
5082,2594273
5083,2594302
5084,2594332
5085,2594362
5086,2594391
5087,2594421
5088,2594451
5089,2594480
5090,2594510
5091,2594539
5092,2594569
5093,2594598
5094,2594627
5095,2594657
5096,2594686
5097,2594716
5098,2594746
5099,2594775
5100,2594805
5101,2594835
5102,2594864
5103,2594894
5104,2594923
5105,2594953
5106,2594982
5107,2595011
5108,2595041
5109,2595070
5110,2595100
5111,2595129
5112,2595159
5113,2595189
5114,2595218
5115,2595248
5116,2595278
5117,2595307
5118,2595337
5119,2595366
5120,2595396
5121,2595425
5122,2595454
5123,2595484
5124,2595513
5125,2595543
5126,2595572
5127,2595602
5128,2595632
5129,2595661
5130,2595691
5131,2595721
5132,2595750
5133,2595780
5134,2595809
5135,2595838
5136,2595868
5137,2595897
5138,2595927
5139,2595956
5140,2595986
5141,2596015
5142,2596045
5143,2596075
5144,2596104
5145,2596134
5146,2596164
5147,2596193
5148,2596223
5149,2596252
5150,2596281
5151,2596311
5152,2596340
5153,2596369
5154,2596399
5155,2596429
5156,2596458
5157,2596488
5158,2596518
5159,2596548
5160,2596577
5161,2596607
5162,2596636
5163,2596665
5164,2596695
5165,2596724
5166,2596753
5167,2596783
5168,2596813
5169,2596842
5170,2596872
5171,2596902
5172,2596931
5173,2596961
5174,2596991
5175,2597020
5176,2597049
5177,2597079
5178,2597108
5179,2597137
5180,2597167
5181,2597197
5182,2597226
5183,2597256
5184,2597285
5185,2597315
5186,2597345
5187,2597375
5188,2597404
5189,2597433
5190,2597463
5191,2597492
5192,2597522
5193,2597551
5194,2597581
5195,2597610
5196,2597639
5197,2597669
5198,2597699
5199,2597729
5200,2597758
5201,2597788
5202,2597817
5203,2597847
5204,2597876
5205,2597906
5206,2597935
5207,2597964
5208,2597994
5209,2598023
5210,2598053
5211,2598083
5212,2598112
5213,2598142
5214,2598172
5215,2598201
5216,2598231
5217,2598260
5218,2598290
5219,2598319
5220,2598348
5221,2598378
5222,2598407
5223,2598437
5224,2598466
5225,2598496
5226,2598526
5227,2598555
5228,2598585
5229,2598615
5230,2598644
5231,2598674
5232,2598703
5233,2598732
5234,2598762
5235,2598791
5236,2598821
5237,2598850
5238,2598880
5239,2598909
5240,2598939
5241,2598969
5242,2598999
5243,2599028
5244,2599058
5245,2599087
5246,2599116
5247,2599146
5248,2599175
5249,2599205
5250,2599234
5251,2599264
5252,2599293
5253,2599323
5254,2599353
5255,2599382
5256,2599412
5257,2599442
5258,2599471
5259,2599500
5260,2599530
5261,2599559
5262,2599589
5263,2599618
5264,2599648
5265,2599677
5266,2599707
5267,2599736
5268,2599766
5269,2599796
5270,2599825
5271,2599855
5272,2599885
5273,2599914
5274,2599943
5275,2599973
5276,2600002
5277,2600032
5278,2600061
5279,2600090
5280,2600120
5281,2600150
5282,2600179
5283,2600209
5284,2600239
5285,2600269
5286,2600298
5287,2600327
5288,2600357
5289,2600386
5290,2600415
5291,2600445
5292,2600474
5293,2600504
5294,2600533
5295,2600563
5296,2600593
5297,2600623
5298,2600652
5299,2600682
5300,2600711
5301,2600741
5302,2600770
5303,2600799
5304,2600829
5305,2600858
5306,2600888
5307,2600917
5308,2600947
5309,2600977
5310,2601006
5311,2601036
5312,2601066
5313,2601095
5314,2601125
5315,2601154
5316,2601183
5317,2601213
5318,2601242
5319,2601272
5320,2601301
5321,2601331
5322,2601360
5323,2601390
5324,2601420
5325,2601450
5326,2601479
5327,2601509
5328,2601538
5329,2601567
5330,2601597
5331,2601626
5332,2601656
5333,2601685
5334,2601715
5335,2601744
5336,2601774
5337,2601804
5338,2601833
5339,2601863
5340,2601892
5341,2601922
5342,2601951
5343,2601981
5344,2602010
5345,2602040
5346,2602069
5347,2602099
5348,2602128
5349,2602158
5350,2602187
5351,2602217
5352,2602246
5353,2602276
5354,2602306
5355,2602335
5356,2602365
5357,2602394
5358,2602424
5359,2602453
5360,2602483
5361,2602512
5362,2602542
5363,2602571
5364,2602601
5365,2602630
5366,2602660
5367,2602690
5368,2602719
5369,2602749
5370,2602778
5371,2602808
5372,2602837
5373,2602867
5374,2602896
5375,2602925
5376,2602955
5377,2602984
5378,2603014
5379,2603044
5380,2603074
5381,2603103
5382,2603133
5383,2603162
5384,2603192
5385,2603221
5386,2603251
5387,2603280
5388,2603309
5389,2603339
5390,2603368
5391,2603398
5392,2603428
5393,2603457
5394,2603487
5395,2603517
5396,2603547
5397,2603576
5398,2603605
5399,2603635
5400,2603664
5401,2603693
5402,2603723
5403,2603752
5404,2603782
5405,2603811
5406,2603841
5407,2603871
5408,2603901
5409,2603930
5410,2603960
5411,2603989
5412,2604019
5413,2604048
5414,2604077
5415,2604107
5416,2604136
5417,2604166
5418,2604195
5419,2604225
5420,2604255
5421,2604284
5422,2604314
5423,2604344
5424,2604373
5425,2604403
5426,2604432
5427,2604462
5428,2604491
5429,2604520
5430,2604550
5431,2604579
5432,2604609
5433,2604638
5434,2604668
5435,2604698
5436,2604727
5437,2604757
5438,2604787
5439,2604816
5440,2604846
5441,2604875
5442,2604904
5443,2604934
5444,2604963
5445,2604993
5446,2605022
5447,2605052
5448,2605081
5449,2605111
5450,2605141
5451,2605171
5452,2605200
5453,2605230
5454,2605259
5455,2605288
5456,2605318
5457,2605347
5458,2605377
5459,2605406
5460,2605436
5461,2605465
5462,2605495
5463,2605525
5464,2605554
5465,2605584
5466,2605613
5467,2605643
5468,2605672
5469,2605702
5470,2605731
5471,2605761
5472,2605790
5473,2605820
5474,2605849
5475,2605879
5476,2605908
5477,2605938
5478,2605968
5479,2605997
5480,2606027
5481,2606056
5482,2606086
5483,2606115
5484,2606145
5485,2606174
5486,2606203
5487,2606233
5488,2606262
5489,2606292
5490,2606322
5491,2606351
5492,2606381
5493,2606411
5494,2606440
5495,2606470
5496,2606499
5497,2606529
5498,2606558
5499,2606587
5500,2606617
5501,2606646
5502,2606676
5503,2606705
5504,2606735
5505,2606765
5506,2606794
5507,2606824
5508,2606854
5509,2606883
5510,2606913
5511,2606942
5512,2606971
5513,2607001
5514,2607030
5515,2607060
5516,2607089
5517,2607119
5518,2607148
5519,2607178
5520,2607208
5521,2607238
5522,2607267
5523,2607297
5524,2607326
5525,2607355
5526,2607385
5527,2607414
5528,2607443
5529,2607473
5530,2607503
5531,2607532
5532,2607562
5533,2607592
5534,2607621
5535,2607651
5536,2607681
5537,2607710
5538,2607739
5539,2607769
5540,2607798
5541,2607827
5542,2607857
5543,2607887
5544,2607916
5545,2607946
5546,2607975
5547,2608005
5548,2608035
5549,2608064
5550,2608094
5551,2608123
5552,2608153
5553,2608182
5554,2608212
5555,2608241
5556,2608271
5557,2608300
5558,2608330
5559,2608359
5560,2608389
5561,2608419
5562,2608448
5563,2608478
5564,2608507
5565,2608537
5566,2608566
5567,2608596
5568,2608625
5569,2608654
5570,2608684
5571,2608713
5572,2608743
5573,2608773
5574,2608802
5575,2608832
5576,2608861
5577,2608891
5578,2608921
5579,2608950
5580,2608980
5581,2609009
5582,2609039
5583,2609068
5584,2609097
5585,2609127
5586,2609156
5587,2609186
5588,2609215
5589,2609245
5590,2609275
5591,2609305
5592,2609334
5593,2609364
5594,2609393
5595,2609423
5596,2609452
5597,2609481
5598,2609511
5599,2609540
5600,2609570
5601,2609599
5602,2609629
5603,2609659
5604,2609689
5605,2609718
5606,2609748
5607,2609777
5608,2609807
5609,2609836
5610,2609865
5611,2609895
5612,2609924
5613,2609954
5614,2609983
5615,2610013
5616,2610043
5617,2610072
5618,2610102
5619,2610132
5620,2610161
5621,2610191
5622,2610220
5623,2610249
5624,2610279
5625,2610308
5626,2610338
5627,2610367
5628,2610397
5629,2610426
5630,2610456
5631,2610486
5632,2610516
5633,2610545
5634,2610575
5635,2610604
5636,2610633
5637,2610663
5638,2610692
5639,2610722
5640,2610751
5641,2610780
5642,2610810
5643,2610840
5644,2610870
5645,2610899
5646,2610929
5647,2610959
5648,2610988
5649,2611017
5650,2611047
5651,2611076
5652,2611106
5653,2611135
5654,2611164
5655,2611194
5656,2611224
5657,2611253
5658,2611283
5659,2611313
5660,2611342
5661,2611372
5662,2611402
5663,2611431
5664,2611460
5665,2611490
5666,2611519
5667,2611549
5668,2611578
5669,2611607
5670,2611637
5671,2611667
5672,2611696
5673,2611726
5674,2611756
5675,2611786
5676,2611815
5677,2611844
5678,2611874
5679,2611903
5680,2611932
5681,2611962
5682,2611991
5683,2612021
5684,2612050
5685,2612080
5686,2612110
5687,2612140
5688,2612169
5689,2612199
5690,2612228
5691,2612258
5692,2612287
5693,2612317
5694,2612346
5695,2612375
5696,2612405
5697,2612434
5698,2612464
5699,2612494
5700,2612523
5701,2612553
5702,2612583
5703,2612612
5704,2612642
5705,2612671
5706,2612701
5707,2612730
5708,2612759
5709,2612789
5710,2612818
5711,2612848
5712,2612877
5713,2612907
5714,2612937
5715,2612966
5716,2612996
5717,2613026
5718,2613055
5719,2613085
5720,2613114
5721,2613143
5722,2613173
5723,2613202
5724,2613232
5725,2613261
5726,2613291
5727,2613320
5728,2613350
5729,2613380
5730,2613410
5731,2613439
5732,2613469
5733,2613498
5734,2613527
5735,2613557
5736,2613586
5737,2613615
5738,2613645
5739,2613674
5740,2613704
5741,2613734
5742,2613764
5743,2613793
5744,2613823
5745,2613853
5746,2613882
5747,2613911
5748,2613941
5749,2613970
5750,2613999
5751,2614029
5752,2614058
5753,2614088
5754,2614118
5755,2614147
5756,2614177
5757,2614207
5758,2614236
5759,2614266
5760,2614295
5761,2614325
5762,2614354
5763,2614383
5764,2614413
5765,2614442
5766,2614472
5767,2614502
5768,2614531
5769,2614561
5770,2614590
5771,2614620
5772,2614650
5773,2614679
5774,2614709
5775,2614738
5776,2614768
5777,2614797
5778,2614826
5779,2614856
5780,2614885
5781,2614915
5782,2614944
5783,2614974
5784,2615004
5785,2615033
5786,2615063
5787,2615093
5788,2615122
5789,2615152
5790,2615181
5791,2615211
5792,2615240
5793,2615269
5794,2615299
5795,2615328
5796,2615358
5797,2615387
5798,2615417
5799,2615447
5800,2615476
5801,2615506
5802,2615536
5803,2615565
5804,2615594
5805,2615624
5806,2615653
5807,2615683
5808,2615712
5809,2615742
5810,2615771
5811,2615801
5812,2615831
5813,2615860
5814,2615890
5815,2615920
5816,2615949
5817,2615979
5818,2616008
5819,2616037
5820,2616067
5821,2616096
5822,2616125
5823,2616155
5824,2616185
5825,2616214
5826,2616244
5827,2616274
5828,2616303
5829,2616333
5830,2616363
5831,2616392
5832,2616421
5833,2616451
5834,2616480
5835,2616509
5836,2616539
5837,2616568
5838,2616598
5839,2616628
5840,2616658
5841,2616687
5842,2616717
5843,2616747
5844,2616776
5845,2616805
5846,2616835
5847,2616864
5848,2616893
5849,2616923
5850,2616952
5851,2616982
5852,2617012
5853,2617041
5854,2617071
5855,2617101
5856,2617130
5857,2617160
5858,2617189
5859,2617219
5860,2617248
5861,2617278
5862,2617307
5863,2617336
5864,2617366
5865,2617395
5866,2617425
5867,2617455
5868,2617485
5869,2617514
5870,2617544
5871,2617573
5872,2617603
5873,2617632
5874,2617662
5875,2617691
5876,2617720
5877,2617750
5878,2617779
5879,2617809
5880,2617839
5881,2617868
5882,2617898
5883,2617928
5884,2617957
5885,2617987
5886,2618016
5887,2618046
5888,2618075
5889,2618104
5890,2618134
5891,2618163
5892,2618193
5893,2618222
5894,2618252
5895,2618282
5896,2618311
5897,2618341
5898,2618371
5899,2618400
5900,2618430
5901,2618459
5902,2618489
5903,2618518
5904,2618547
5905,2618577
5906,2618606
5907,2618636
5908,2618665
5909,2618695
5910,2618725
5911,2618755
5912,2618784
5913,2618814
5914,2618843
5915,2618872
5916,2618902
5917,2618931
5918,2618961
5919,2618990
5920,2619020
5921,2619049
5922,2619079
5923,2619109
5924,2619138
5925,2619168
5926,2619198
5927,2619227
5928,2619257
5929,2619286
5930,2619315
5931,2619345
5932,2619374
5933,2619404
5934,2619433
5935,2619463
5936,2619492
5937,2619522
5938,2619552
5939,2619581
5940,2619611
5941,2619641
5942,2619670
5943,2619699
5944,2619729
5945,2619758
5946,2619788
5947,2619817
5948,2619846
5949,2619876
5950,2619906
5951,2619935
5952,2619965
5953,2619995
5954,2620025
5955,2620054
5956,2620083
5957,2620113
5958,2620142
5959,2620171
5960,2620201
5961,2620230
5962,2620260
5963,2620289
5964,2620319
5965,2620349
5966,2620379
5967,2620408
5968,2620438
5969,2620467
5970,2620497
5971,2620526
5972,2620555
5973,2620585
5974,2620614
5975,2620644
5976,2620673
5977,2620703
5978,2620733
5979,2620762
5980,2620792
5981,2620822
5982,2620851
5983,2620881
5984,2620910
5985,2620939
5986,2620969
5987,2620998
5988,2621028
5989,2621057
5990,2621087
5991,2621116
5992,2621146
5993,2621176
5994,2621205
5995,2621235
5996,2621265
5997,2621294
5998,2621323
5999,2621353
6000,2621382