Hijri Year,Hijri Month,Gregorian Date
1400,1,1979-11-21
1400,2,1979-12-21
1400,3,1980-01-19
1400,4,1980-02-18
1400,5,1980-03-18
1400,6,1980-04-16
1400,7,1980-05-16
1400,8,1980-06-14
1400,9,1980-07-14
1400,10,1980-08-12
1400,11,1980-09-11
1400,12,1980-10-11
1401,1,1980-11-09
1401,2,1980-12-09
1401,3,1981-01-08
1401,4,1981-02-06
1401,5,1981-03-08
1401,6,1981-04-06
1401,7,1981-05-05
1401,8,1981-06-04
1401,9,1981-07-03
1401,10,1981-08-02
1401,11,1981-08-31
1401,12,1981-09-30
1402,1,1981-10-29
1402,2,1981-11-28
1402,3,1981-12-28
1402,4,1982-01-27
1402,5,1982-02-25
1402,6,1982-03-27
1402,7,1982-04-25
1402,8,1982-05-24
1402,9,1982-06-23
1402,10,1982-07-22
1402,11,1982-08-20
1402,12,1982-09-19
1403,1,1982-10-18
1403,2,1982-11-17
1403,3,1982-12-17
1403,4,1983-01-16
1403,5,1983-02-14
1403,6,1983-03-16
1403,7,1983-04-15
1403,8,1983-05-14
1403,9,1983-06-13
1403,10,1983-07-12
1403,11,1983-08-10
1403,12,1983-09-08
1404,1,1983-10-08
1404,2,1983-11-06
1404,3,1983-12-06
1404,4,1984-01-05
1404,5,1984-02-03
1404,6,1984-03-04
1404,7,1984-04-03
1404,8,1984-05-03
1404,9,1984-06-01
1404,10,1984-06-30
1404,11,1984-07-30
1404,12,1984-08-28
1405,1,1984-09-26
1405,2,1984-10-26
1405,3,1984-11-24
1405,4,1984-12-24
1405,5,1985-01-22
1405,6,1985-02-21
1405,7,1985-03-23
1405,8,1985-04-22
1405,9,1985-05-21
1405,10,1985-06-20
1405,11,1985-07-19
1405,12,1985-08-18
1406,1,1985-09-16
1406,2,1985-10-16
1406,3,1985-11-14
1406,4,1985-12-13
1406,5,1986-01-12
1406,6,1986-02-10
1406,7,1986-03-12
1406,8,1986-04-11
1406,9,1986-05-10
1406,10,1986-06-09
1406,11,1986-07-09
1406,12,1986-08-07
1407,1,1986-09-06
1407,2,1986-10-05
1407,3,1986-11-04
1407,4,1986-12-03
1407,5,1987-01-01
1407,6,1987-01-31
1407,7,1987-03-01
1407,8,1987-03-31
1407,9,1987-04-29
1407,10,1987-05-29
1407,11,1987-06-28
1407,12,1987-07-27
1408,1,1987-08-26
1408,2,1987-09-25
1408,3,1987-10-24
1408,4,1987-11-23
1408,5,1987-12-22
1408,6,1988-01-21
1408,7,1988-02-19
1408,8,1988-03-19
1408,9,1988-04-18
1408,10,1988-05-17
1408,11,1988-06-16
1408,12,1988-07-15
1409,1,1988-08-14
1409,2,1988-09-13
1409,3,1988-10-13
1409,4,1988-11-11
1409,5,1988-12-11
1409,6,1989-01-09
1409,7,1989-02-08
1409,8,1989-03-09
1409,9,1989-04-07
1409,10,1989-05-07
1409,11,1989-06-05
1409,12,1989-07-05
1410,1,1989-08-03
1410,2,1989-09-02
1410,3,1989-10-02
1410,4,1989-10-31
1410,5,1989-11-30
1410,6,1989-12-30
1410,7,1990-01-28
1410,8,1990-02-27
1410,9,1990-03-28
1410,10,1990-04-26
1410,11,1990-05-26
1410,12,1990-06-24
1411,1,1990-07-23
1411,2,1990-08-22
1411,3,1990-09-21
1411,4,1990-10-20
1411,5,1990-11-19
1411,6,1990-12-19
1411,7,1991-01-18
1411,8,1991-02-16
1411,9,1991-03-18
1411,10,1991-04-16
1411,11,1991-05-15
1411,12,1991-06-14
1412,1,1991-07-13
1412,2,1991-08-12
1412,3,1991-09-10
1412,4,1991-10-10
1412,5,1991-11-08
1412,6,1991-12-08
1412,7,1992-01-07
1412,8,1992-02-05
1412,9,1992-03-06
1412,10,1992-04-05
1412,11,1992-05-04
1412,12,1992-06-03
1413,1,1992-07-02
1413,2,1992-07-31
1413,3,1992-08-30
1413,4,1992-09-28
1413,5,1992-10-27
1413,6,1992-11-26
1413,7,1992-12-26
1413,8,1993-01-24
1413,9,1993-02-23
1413,10,1993-03-25
1413,11,1993-04-23
1413,12,1993-05-23
1414,1,1993-06-21
1414,2,1993-07-21
1414,3,1993-08-19
1414,4,1993-09-18
1414,5,1993-10-17
1414,6,1993-11-15
1414,7,1993-12-15
1414,8,1994-01-13
1414,9,1994-02-12
1414,10,1994-03-14
1414,11,1994-04-12
1414,12,1994-05-12
1415,1,1994-06-11
1415,2,1994-07-10
1415,3,1994-08-09
1415,4,1994-09-07
1415,5,1994-10-07
1415,6,1994-11-05
1415,7,1994-12-04
1415,8,1995-01-03
1415,9,1995-02-01
1415,10,1995-03-03
1415,11,1995-04-02
1415,12,1995-05-01
1416,1,1995-05-31
1416,2,1995-06-30
1416,3,1995-07-29
1416,4,1995-08-28
1416,5,1995-09-26
1416,6,1995-10-26
1416,7,1995-11-24
1416,8,1995-12-23
1416,9,1996-01-22
1416,10,1996-02-20
1416,11,1996-03-21
1416,12,1996-04-19
1417,1,1996-05-19
1417,2,1996-06-18
1417,3,1996-07-17
1417,4,1996-08-16
1417,5,1996-09-14
1417,6,1996-10-14
1417,7,1996-11-13
1417,8,1996-12-12
1417,9,1997-01-10
1417,10,1997-02-09
1417,11,1997-03-10
1417,12,1997-04-09
1418,1,1997-05-08
1418,2,1997-06-07
1418,3,1997-07-06
1418,4,1997-08-05
1418,5,1997-09-03
1418,6,1997-10-03
1418,7,1997-11-02
1418,8,1997-12-01
1418,9,1997-12-31
1418,10,1998-01-30
1418,11,1998-02-28
1418,12,1998-03-29
1419,1,1998-04-28
1419,2,1998-05-27
1419,3,1998-06-26
1419,4,1998-07-25
1419,5,1998-08-24
1419,6,1998-09-22
1419,7,1998-10-22
1419,8,1998-11-21
1419,9,1998-12-20
1419,10,1999-01-19
1419,11,1999-02-18
1419,12,1999-03-19
1420,1,1999-04-17
1420,2,1999-05-17
1420,3,1999-06-15
1420,4,1999-07-14
1420,5,1999-08-13
1420,6,1999-09-11
1420,7,1999-10-11
1420,8,1999-11-10
1420,9,1999-12-09
1420,10,2000-01-08
1420,11,2000-02-07
1420,12,2000-03-08
1421,1,2000-04-06
1421,2,2000-05-05
1421,3,2000-06-04
1421,4,2000-07-03
1421,5,2000-08-01
1421,6,2000-08-31
1421,7,2000-09-29
1421,8,2000-10-29
1421,9,2000-11-27
1421,10,2000-12-27
1421,11,2001-01-26
1421,12,2001-02-25
1422,1,2001-03-26
1422,2,2001-04-25
1422,3,2001-05-24
1422,4,2001-06-23
1422,5,2001-07-22
1422,6,2001-08-20
1422,7,2001-09-19
1422,8,2001-10-18
1422,9,2001-11-17
1422,10,2001-12-16
1422,11,2002-01-15
1422,12,2002-02-14
1423,1,2002-03-15
1423,2,2002-04-14
1423,3,2002-05-14
1423,4,2002-06-12
1423,5,2002-07-12
1423,6,2002-08-10
1423,7,2002-09-08
1423,8,2002-10-08
1423,9,2002-11-06
1423,10,2002-12-06
1423,11,2003-01-04
1423,12,2003-02-03
1424,1,2003-03-04
1424,2,2003-04-03
1424,3,2003-05-03
1424,4,2003-06-02
1424,5,2003-07-01
1424,6,2003-07-31
1424,7,2003-08-29
1424,8,2003-09-27
1424,9,2003-10-27
1424,10,2003-11-25
1424,11,2003-12-25
1424,12,2004-01-23
1425,1,2004-02-22
1425,2,2004-03-22
1425,3,2004-04-21
1425,4,2004-05-21
1425,5,2004-06-19
1425,6,2004-07-19
1425,7,2004-08-17
1425,8,2004-09-16
1425,9,2004-10-16
1425,10,2004-11-14
1425,11,2004-12-13
1425,12,2005-01-12
1426,1,2005-02-10
1426,2,2005-03-12
1426,3,2005-04-10
1426,4,2005-05-10
1426,5,2005-06-08
1426,6,2005-07-08
1426,7,2005-08-07
1426,8,2005-09-05
1426,9,2005-10-05
1426,10,2005-11-04
1426,11,2005-12-03
1426,12,2006-01-01
1427,1,2006-01-31
1427,2,2006-03-01
1427,3,2006-03-31
1427,4,2006-04-29
1427,5,2006-05-28
1427,6,2006-06-27
1427,7,2006-07-27
1427,8,2006-08-25
1427,9,2006-09-24
1427,10,2006-10-24
1427,11,2006-11-23
1427,12,2006-12-22
1428,1,2007-01-21
1428,2,2007-02-19
1428,3,2007-03-20
1428,4,2007-04-19
1428,5,2007-05-18
1428,6,2007-06-16
1428,7,2007-07-16
1428,8,2007-08-14
1428,9,2007-09-13
1428,10,2007-10-13
1428,11,2007-11-12
1428,12,2007-12-11
1429,1,2008-01-10
1429,2,2008-02-09
1429,3,2008-03-09
1429,4,2008-04-07
1429,5,2008-05-07
1429,6,2008-06-05
1429,7,2008-07-04
1429,8,2008-08-03
1429,9,2008-09-01
1429,10,2008-10-01
1429,11,2008-10-31
1429,12,2008-11-29
1430,1,2008-12-29
1430,2,2009-01-28
1430,3,2009-02-26
1430,4,2009-03-28
1430,5,2009-04-26
1430,6,2009-05-26
1430,7,2009-06-24
1430,8,2009-07-23
1430,9,2009-08-22
1430,10,2009-09-20
1430,11,2009-10-20
1430,12,2009-11-18
1431,1,2009-12-18
1431,2,2010-01-17
1431,3,2010-02-16
1431,4,2010-03-17
1431,5,2010-04-16
1431,6,2010-05-15
1431,7,2010-06-14
1431,8,2010-07-13
1431,9,2010-08-12
1431,10,2010-09-10
1431,11,2010-10-09
1431,12,2010-11-08
1432,1,2010-12-07
1432,2,2011-01-06
1432,3,2011-02-05
1432,4,2011-03-06
1432,5,2011-04-05
1432,6,2011-05-05
1432,7,2011-06-03
1432,8,2011-07-03
1432,9,2011-08-01
1432,10,2011-08-31
1432,11,2011-09-29
1432,12,2011-10-28
1433,1,2011-11-27
1433,2,2011-12-26
1433,3,2012-01-25
1433,4,2012-02-23
1433,5,2012-03-24
1433,6,2012-04-23
1433,7,2012-05-22
1433,8,2012-06-21
1433,9,2012-07-21
1433,10,2012-08-19
1433,11,2012-09-18
1433,12,2012-10-17
1434,1,2012-11-15
1434,2,2012-12-15
1434,3,2013-01-13
1434,4,2013-02-12
1434,5,2013-03-13
1434,6,2013-04-12
1434,7,2013-05-12
1434,8,2013-06-10
1434,9,2013-07-10
1434,10,2013-08-09
1434,11,2013-09-07
1434,12,2013-10-07
1435,1,2013-11-05
1435,2,2013-12-04
1435,3,2014-01-03
1435,4,2014-02-01
1435,5,2014-03-03
1435,6,2014-04-01
1435,7,2014-05-01
1435,8,2014-05-30
1435,9,2014-06-29
1435,10,2014-07-29
1435,11,2014-08-27
1435,12,2014-09-26
1436,1,2014-10-25
1436,2,2014-11-24
1436,3,2014-12-23
1436,4,2015-01-22
1436,5,2015-02-20
1436,6,2015-03-22
1436,7,2015-04-20
1436,8,2015-05-19
1436,9,2015-06-18
1436,10,2015-07-18
1436,11,2015-08-16
1436,12,2015-09-15
1437,1,2015-10-15
1437,2,2015-11-13
1437,3,2015-12-13
1437,4,2016-01-11
1437,5,2016-02-10
1437,6,2016-03-10
1437,7,2016-04-09
1437,8,2016-05-08
1437,9,2016-06-06
1437,10,2016-07-06
1437,11,2016-08-04
1437,12,2016-09-03
1438,1,2016-10-02
1438,2,2016-11-01
1438,3,2016-12-01
1438,4,2016-12-31
1438,5,2017-01-29
1438,6,2017-02-28
1438,7,2017-03-29
1438,8,2017-04-28
1438,9,2017-05-27
1438,10,2017-06-25
1438,11,2017-07-25
1438,12,2017-08-23
1439,1,2017-09-22
1439,2,2017-10-21
1439,3,2017-11-20
1439,4,2017-12-20
1439,5,2018-01-19
1439,6,2018-02-17
1439,7,2018-03-19
1439,8,2018-04-17
1439,9,2018-05-17
1439,10,2018-06-15
1439,11,2018-07-14
1439,12,2018-08-13
1440,1,2018-09-11
1440,2,2018-10-10
1440,3,2018-11-09
1440,4,2018-12-09
1440,5,2019-01-08
1440,6,2019-02-06
1440,7,2019-03-08
1440,8,2019-04-07
1440,9,2019-05-06
1440,10,2019-06-05
1440,11,2019-07-04
1440,12,2019-08-02
1441,1,2019-09-01
1441,2,2019-09-30
1441,3,2019-10-29
1441,4,2019-11-28
1441,5,2019-12-28
1441,6,2020-01-26
1441,7,2020-02-25
1441,8,2020-03-26
1441,9,2020-04-24
1441,10,2020-05-24
1441,11,2020-06-23
1441,12,2020-07-22
1442,1,2020-08-20
1442,2,2020-09-19
1442,3,2020-10-18
1442,4,2020-11-17
1442,5,2020-12-16
1442,6,2021-01-15
1442,7,2021-02-13
1442,8,2021-03-15
1442,9,2021-04-14
1442,10,2021-05-13
1442,11,2021-06-12
1442,12,2021-07-11
1443,1,2021-08-10
1443,2,2021-09-08
1443,3,2021-10-08
1443,4,2021-11-06
1443,5,2021-12-06
1443,6,2022-01-04
1443,7,2022-02-02
1443,8,2022-03-04
1443,9,2022-04-03
1443,10,2022-05-02
1443,11,2022-06-01
1443,12,2022-07-01
1444,1,2022-07-30
1444,2,2022-08-29
1444,3,2022-09-27
1444,4,2022-10-27
1444,5,2022-11-25
1444,6,2022-12-25
1444,7,2023-01-23
1444,8,2023-02-22
1444,9,2023-03-23
1444,10,2023-04-22
1444,11,2023-05-21
1444,12,2023-06-20
1445,1,2023-07-19
1445,2,2023-08-18
1445,3,2023-09-17
1445,4,2023-10-16
1445,5,2023-11-15
1445,6,2023-12-14
1445,7,2024-01-13
1445,8,2024-02-11
1445,9,2024-03-12
1445,10,2024-04-10
1445,11,2024-05-09
1445,12,2024-06-08
1446,1,2024-07-07
1446,2,2024-08-06
1446,3,2024-09-05
1446,4,2024-10-04
1446,5,2024-11-03
1446,6,2024-12-03
1446,7,2025-01-01
1446,8,2025-01-31
1446,9,2025-03-01
1446,10,2025-03-31
1446,11,2025-04-29
1446,12,2025-05-28
1447,1,2025-06-27
1447,2,2025-07-26
1447,3,2025-08-25
1447,4,2025-09-23
1447,5,2025-10-23
1447,6,2025-11-22
1447,7,2025-12-22
1447,8,2026-01-20
1447,9,2026-02-19
1447,10,2026-03-20
1447,11,2026-04-19
1447,12,2026-05-18
1448,1,2026-06-16
1448,2,2026-07-16
1448,3,2026-08-14
1448,4,2026-09-13
1448,5,2026-10-12
1448,6,2026-11-11
1448,7,2026-12-11
1448,8,2027-01-09
1448,9,2027-02-08
1448,10,2027-03-10
1448,11,2027-04-08
1448,12,2027-05-08
1449,1,2027-06-06
1449,2,2027-07-05
1449,3,2027-08-04
1449,4,2027-09-02
1449,5,2027-10-02
1449,6,2027-10-31
1449,7,2027-11-30
1449,8,2027-12-29
1449,9,2028-01-28
1449,10,2028-02-27
1449,11,2028-03-28
1449,12,2028-04-26
1450,1,2028-05-26
1450,2,2028-06-24
1450,3,2028-07-23
1450,4,2028-08-22
1450,5,2028-09-20
1450,6,2028-10-20
1450,7,2028-11-18
1450,8,2028-12-18
1450,9,2029-01-16
1450,10,2029-02-15
1450,11,2029-03-17
1450,12,2029-04-15
1451,1,2029-05-15
1451,2,2029-06-14
1451,3,2029-07-13
1451,4,2029-08-12
1451,5,2029-09-10
1451,6,2029-10-09
1451,7,2029-11-08
1451,8,2029-12-07
1451,9,2030-01-06
1451,10,2030-02-04
1451,11,2030-03-06
1451,12,2030-04-04
1452,1,2030-05-04
1452,2,2030-06-03
1452,3,2030-07-02
1452,4,2030-08-01
1452,5,2030-08-31
1452,6,2030-09-29
1452,7,2030-10-28
1452,8,2030-11-27
1452,9,2030-12-26
1452,10,2031-01-24
1452,11,2031-02-23
1452,12,2031-03-24
1453,1,2031-04-23
1453,2,2031-05-23
1453,3,2031-06-21
1453,4,2031-07-21
1453,5,2031-08-20
1453,6,2031-09-18
1453,7,2031-10-18
1453,8,2031-11-16
1453,9,2031-12-16
1453,10,2032-01-14
1453,11,2032-02-13
1453,12,2032-03-13
1454,1,2032-04-12
1454,2,2032-05-11
1454,3,2032-06-09
1454,4,2032-07-09
1454,5,2032-08-08
1454,6,2032-09-06
1454,7,2032-10-06
1454,8,2032-11-05
1454,9,2032-12-04
1454,10,2033-01-03
1454,11,2033-02-01
1454,12,2033-03-03
1455,1,2033-04-01
1455,2,2033-04-30
1455,3,2033-05-30
1455,4,2033-06-28
1455,5,2033-07-28
1455,6,2033-08-27
1455,7,2033-09-25
1455,8,2033-10-25
1455,9,2033-11-23
1455,10,2033-12-23
1455,11,2034-01-22
1455,12,2034-02-20
1456,1,2034-03-22
1456,2,2034-04-20
1456,3,2034-05-19
1456,4,2034-06-18
1456,5,2034-07-17
1456,6,2034-08-16
1456,7,2034-09-14
1456,8,2034-10-14
1456,9,2034-11-12
1456,10,2034-12-12
1456,11,2035-01-11
1456,12,2035-02-10
1457,1,2035-03-11
1457,2,2035-04-10
1457,3,2035-05-09
1457,4,2035-06-07
1457,5,2035-07-07
1457,6,2035-08-05
1457,7,2035-09-03
1457,8,2035-10-03
1457,9,2035-11-01
1457,10,2035-12-01
1457,11,2035-12-31
1457,12,2036-01-30
1458,1,2036-02-29
1458,2,2036-03-29
1458,3,2036-04-28
1458,4,2036-05-27
1458,5,2036-06-25
1458,6,2036-07-25
1458,7,2036-08-23
1458,8,2036-09-21
1458,9,2036-10-21
1458,10,2036-11-19
1458,11,2036-12-19
1458,12,2037-01-18
1459,1,2037-02-17
1459,2,2037-03-18
1459,3,2037-04-17
1459,4,2037-05-17
1459,5,2037-06-15
1459,6,2037-07-14
1459,7,2037-08-13
1459,8,2037-09-11
1459,9,2037-10-10
1459,10,2037-11-09
1459,11,2037-12-08
1459,12,2038-01-07
1460,1,2038-02-06
1460,2,2038-03-07
1460,3,2038-04-06
1460,4,2038-05-06
1460,5,2038-06-04
1460,6,2038-07-04
1460,7,2038-08-02
1460,8,2038-09-01
1460,9,2038-09-30
1460,10,2038-10-29
1460,11,2038-11-28
1460,12,2038-12-27
1461,1,2039-01-26
1461,2,2039-02-24
1461,3,2039-03-26
1461,4,2039-04-25
1461,5,2039-05-25
1461,6,2039-06-23
1461,7,2039-07-23
1461,8,2039-08-21
1461,9,2039-09-20
1461,10,2039-10-19
1461,11,2039-11-18
1461,12,2039-12-17
1462,1,2040-01-15
1462,2,2040-02-14
1462,3,2040-03-14
1462,4,2040-04-13
1462,5,2040-05-13
1462,6,2040-06-11
1462,7,2040-07-11
1462,8,2040-08-09
1462,9,2040-09-08
1462,10,2040-10-08
1462,11,2040-11-06
1462,12,2040-12-06
1463,1,2041-01-04
1463,2,2041-02-02
1463,3,2041-03-04
1463,4,2041-04-02
1463,5,2041-05-02
1463,6,2041-05-31
1463,7,2041-06-30
1463,8,2041-07-29
1463,9,2041-08-28
1463,10,2041-09-27
1463,11,2041-10-27
1463,12,2041-11-25
1464,1,2041-12-25
1464,2,2042-01-23
1464,3,2042-02-22
1464,4,2042-03-23
1464,5,2042-04-21
1464,6,2042-05-21
1464,7,2042-06-19
1464,8,2042-07-19
1464,9,2042-08-17
1464,10,2042-09-16
1464,11,2042-10-16
1464,12,2042-11-14
1465,1,2042-12-14
1465,2,2043-01-13
1465,3,2043-02-11
1465,4,2043-03-13
1465,5,2043-04-11
1465,6,2043-05-10
1465,7,2043-06-09
1465,8,2043-07-08
1465,9,2043-08-06
1465,10,2043-09-05
1465,11,2043-10-05
1465,12,2043-11-03
1466,1,2043-12-03
1466,2,2044-01-02
1466,3,2044-02-01
1466,4,2044-03-01
1466,5,2044-03-31
1466,6,2044-04-29
1466,7,2044-05-28
1466,8,2044-06-27
1466,9,2044-07-26
1466,10,2044-08-24
1466,11,2044-09-23
1466,12,2044-10-23
1467,1,2044-11-21
1467,2,2044-12-21
1467,3,2045-01-20
1467,4,2045-02-19
1467,5,2045-03-20
1467,6,2045-04-19
1467,7,2045-05-18
1467,8,2045-06-16
1467,9,2045-07-16
1467,10,2045-08-14
1467,11,2045-09-13
1467,12,2045-10-12
1468,1,2045-11-11
1468,2,2045-12-10
1468,3,2046-01-09
1468,4,2046-02-07
1468,5,2046-03-09
1468,6,2046-04-08
1468,7,2046-05-07
1468,8,2046-06-06
1468,9,2046-07-05
1468,10,2046-08-04
1468,11,2046-09-02
1468,12,2046-10-02
1469,1,2046-10-31
1469,2,2046-11-29
1469,3,2046-12-29
1469,4,2047-01-28
1469,5,2047-02-26
1469,6,2047-03-28
1469,7,2047-04-27
1469,8,2047-05-26
1469,9,2047-06-25
1469,10,2047-07-24
1469,11,2047-08-23
1469,12,2047-09-21
1470,1,2047-10-21
1470,2,2047-11-19
1470,3,2047-12-18
1470,4,2048-01-17
1470,5,2048-02-15
1470,6,2048-03-16
1470,7,2048-04-15
1470,8,2048-05-14
1470,9,2048-06-13
1470,10,2048-07-13
1470,11,2048-08-11
1470,12,2048-09-10
1471,1,2048-10-09
1471,2,2048-11-08
1471,3,2048-12-07
1471,4,2049-01-05
1471,5,2049-02-04
1471,6,2049-03-05
1471,7,2049-04-04
1471,8,2049-05-03
1471,9,2049-06-02
1471,10,2049-07-02
1471,11,2049-07-31
1471,12,2049-08-30
1472,1,2049-09-29
1472,2,2049-10-28
1472,3,2049-11-27
1472,4,2049-12-26
1472,5,2050-01-24
1472,6,2050-02-23
1472,7,2050-03-24
1472,8,2050-04-23
1472,9,2050-05-22
1472,10,2050-06-21
1472,11,2050-07-21
1472,12,2050-08-19
1473,1,2050-09-18
1473,2,2050-10-17
1473,3,2050-11-16
1473,4,2050-12-16
1473,5,2051-01-14
1473,6,2051-02-13
1473,7,2051-03-14
1473,8,2051-04-12
1473,9,2051-05-12
1473,10,2051-06-10
1473,11,2051-07-10
1473,12,2051-08-08
1474,1,2051-09-07
1474,2,2051-10-06
1474,3,2051-11-05
1474,4,2051-12-05
1474,5,2052-01-03
1474,6,2052-02-02
1474,7,2052-03-03
1474,8,2052-04-01
1474,9,2052-04-30
1474,10,2052-05-30
1474,11,2052-06-28
1474,12,2052-07-28
1475,1,2052-08-26
1475,2,2052-09-24
1475,3,2052-10-24
1475,4,2052-11-23
1475,5,2052-12-23
1475,6,2053-01-21
1475,7,2053-02-20
1475,8,2053-03-22
1475,9,2053-04-20
1475,10,2053-05-19
1475,11,2053-06-18
1475,12,2053-07-17
1476,1,2053-08-15
1476,2,2053-09-14
1476,3,2053-10-13
1476,4,2053-11-12
1476,5,2053-12-12
1476,6,2054-01-10
1476,7,2054-02-09
1476,8,2054-03-11
1476,9,2054-04-10
1476,10,2054-05-09
1476,11,2054-06-07
1476,12,2054-07-07
1477,1,2054-08-05
1477,2,2054-09-03
1477,3,2054-10-03
1477,4,2054-11-01
1477,5,2054-12-01
1477,6,2054-12-30
1477,7,2055-01-29
1477,8,2055-02-28
1477,9,2055-03-30
1477,10,2055-04-28
1477,11,2055-05-28
1477,12,2055-06-26
1478,1,2055-07-26
1478,2,2055-08-24
1478,3,2055-09-22
1478,4,2055-10-22
1478,5,2055-11-20
1478,6,2055-12-20
1478,7,2056-01-18
1478,8,2056-02-17
1478,9,2056-03-18
1478,10,2056-04-16
1478,11,2056-05-16
1478,12,2056-06-15
1479,1,2056-07-14
1479,2,2056-08-13
1479,3,2056-09-11
1479,4,2056-10-10
1479,5,2056-11-09
1479,6,2056-12-08
1479,7,2057-01-07
1479,8,2057-02-05
1479,9,2057-03-07
1479,10,2057-04-05
1479,11,2057-05-05
1479,12,2057-06-04
1480,1,2057-07-03
1480,2,2057-08-02
1480,3,2057-08-31
1480,4,2057-09-30
1480,5,2057-10-30
1480,6,2057-11-28
1480,7,2057-12-27
1480,8,2058-01-26
1480,9,2058-02-24
1480,10,2058-03-26
1480,11,2058-04-24
1480,12,2058-05-24
1481,1,2058-06-22
1481,2,2058-07-22
1481,3,2058-08-21
1481,4,2058-09-19
1481,5,2058-10-19
1481,6,2058-11-18
1481,7,2058-12-17
1481,8,2059-01-15
1481,9,2059-02-14
1481,10,2059-03-15
1481,11,2059-04-14
1481,12,2059-05-13
1482,1,2059-06-12
1482,2,2059-07-11
1482,3,2059-08-10
1482,4,2059-09-08
1482,5,2059-10-08
1482,6,2059-11-07
1482,7,2059-12-07
1482,8,2060-01-05
1482,9,2060-02-03
1482,10,2060-03-04
1482,11,2060-04-02
1482,12,2060-05-02
1483,1,2060-05-31
1483,2,2060-06-29
1483,3,2060-07-29
1483,4,2060-08-27
1483,5,2060-09-26
1483,6,2060-10-26
1483,7,2060-11-25
1483,8,2060-12-24
1483,9,2061-01-23
1483,10,2061-02-22
1483,11,2061-03-23
1483,12,2061-04-21
1484,1,2061-05-21
1484,2,2061-06-19
1484,3,2061-07-18
1484,4,2061-08-17
1484,5,2061-09-15
1484,6,2061-10-15
1484,7,2061-11-14
1484,8,2061-12-14
1484,9,2062-01-12
1484,10,2062-02-11
1484,11,2062-03-13
1484,12,2062-04-11
1485,1,2062-05-10
1485,2,2062-06-09
1485,3,2062-07-08
1485,4,2062-08-06
1485,5,2062-09-05
1485,6,2062-10-04
1485,7,2062-11-03
1485,8,2062-12-03
1485,9,2063-01-01
1485,10,2063-01-31
1485,11,2063-03-02
1485,12,2063-03-31
1486,1,2063-04-30
1486,2,2063-05-29
1486,3,2063-06-28
1486,4,2063-07-27
1486,5,2063-08-25
1486,6,2063-09-24
1486,7,2063-10-23
1486,8,2063-11-22
1486,9,2063-12-21
1486,10,2064-01-20
1486,11,2064-02-19
1486,12,2064-03-20
1487,1,2064-04-18
1487,2,2064-05-18
1487,3,2064-06-16
1487,4,2064-07-16
1487,5,2064-08-14
1487,6,2064-09-13
1487,7,2064-10-12
1487,8,2064-11-10
1487,9,2064-12-10
1487,10,2065-01-08
1487,11,2065-02-07
1487,12,2065-03-08
1488,1,2065-04-07
1488,2,2065-05-07
1488,3,2065-06-06
1488,4,2065-07-05
1488,5,2065-08-04
1488,6,2065-09-02
1488,7,2065-10-02
1488,8,2065-10-31
1488,9,2065-11-29
1488,10,2065-12-29
1488,11,2066-01-27
1488,12,2066-02-26
1489,1,2066-03-27
1489,2,2066-04-26
1489,3,2066-05-26
1489,4,2066-06-24
1489,5,2066-07-24
1489,6,2066-08-23
1489,7,2066-09-21
1489,8,2066-10-21
1489,9,2066-11-19
1489,10,2066-12-18
1489,11,2067-01-17
1489,12,2067-02-15
1490,1,2067-03-17
1490,2,2067-04-15
1490,3,2067-05-15
1490,4,2067-06-13
1490,5,2067-07-13
1490,6,2067-08-12
1490,7,2067-09-10
1490,8,2067-10-10
1490,9,2067-11-08
1490,10,2067-12-08
1490,11,2068-01-06
1490,12,2068-02-05
1491,1,2068-03-05
1491,2,2068-04-04
1491,3,2068-05-03
1491,4,2068-06-02
1491,5,2068-07-01
1491,6,2068-07-31
1491,7,2068-08-29
1491,8,2068-09-28
1491,9,2068-10-28
1491,10,2068-11-26
1491,11,2068-12-26
1491,12,2069-01-24
1492,1,2069-02-23
1492,2,2069-03-24
1492,3,2069-04-23
1492,4,2069-05-22
1492,5,2069-06-20
1492,6,2069-07-20
1492,7,2069-08-19
1492,8,2069-09-17
1492,9,2069-10-17
1492,10,2069-11-15
1492,11,2069-12-15
1492,12,2070-01-14
1493,1,2070-02-12
1493,2,2070-03-14
1493,3,2070-04-12
1493,4,2070-05-12
1493,5,2070-06-10
1493,6,2070-07-09
1493,7,2070-08-08
1493,8,2070-09-06
1493,9,2070-10-06
1493,10,2070-11-04
1493,11,2070-12-04
1493,12,2071-01-03
1494,1,2071-02-02
1494,2,2071-03-03
1494,3,2071-04-02
1494,4,2071-05-01
1494,5,2071-05-31
1494,6,2071-06-29
1494,7,2071-07-28
1494,8,2071-08-27
1494,9,2071-09-25
1494,10,2071-10-25
1494,11,2071-11-23
1494,12,2071-12-23
1495,1,2072-01-22
1495,2,2072-02-21
1495,3,2072-03-21
1495,4,2072-04-20
1495,5,2072-05-19
1495,6,2072-06-18
1495,7,2072-07-17
1495,8,2072-08-15
1495,9,2072-09-14
1495,10,2072-10-13
1495,11,2072-11-11
1495,12,2072-12-11
1496,1,2073-01-10
1496,2,2073-02-09
1496,3,2073-03-10
1496,4,2073-04-09
1496,5,2073-05-09
1496,6,2073-06-07
1496,7,2073-07-07
1496,8,2073-08-05
1496,9,2073-09-03
1496,10,2073-10-03
1496,11,2073-11-01
1496,12,2073-12-01
1497,1,2073-12-30
1497,2,2074-01-29
1497,3,2074-02-27
1497,4,2074-03-29
1497,5,2074-04-28
1497,6,2074-05-27
1497,7,2074-06-26
1497,8,2074-07-26
1497,9,2074-08-24
1497,10,2074-09-22
1497,11,2074-10-22
1497,12,2074-11-20
1498,1,2074-12-20
1498,2,2075-01-18
1498,3,2075-02-17
1498,4,2075-03-18
1498,5,2075-04-17
1498,6,2075-05-16
1498,7,2075-06-15
1498,8,2075-07-15
1498,9,2075-08-13
1498,10,2075-09-12
1498,11,2075-10-11
1498,12,2075-11-10
1499,1,2075-12-09
1499,2,2076-01-08
1499,3,2076-02-06
1499,4,2076-03-07
1499,5,2076-04-05
1499,6,2076-05-05
1499,7,2076-06-03
1499,8,2076-07-03
1499,9,2076-08-01
1499,10,2076-08-31
1499,11,2076-09-30
1499,12,2076-10-29
1500,1,2076-11-28
1500,2,2076-12-27
1500,3,2077-01-26
1500,4,2077-02-24
1500,5,2077-03-26
1500,6,2077-04-24
1500,7,2077-05-24
1500,8,2077-06-22
1500,9,2077-07-21
1500,10,2077-08-20
1500,11,2077-09-19
1500,12,2077-10-18